year,team,wins,losses,win_loss_percentage,home,gamePk,flyOuts,groundOuts,avg_runs_scored,doubles,triples,homeruns,strikeouts_x,bases_on_balls,intentionalWalks,hits_x,hitByPitch,at_bats,caughtStealing,stolenBases,groundIntoDoublePlay,groundIntoTriplePlay,plate_appearances,totalBases,RBI,leftOnBase,sacBunts,sacFlies,catchersInterference,pickoffs,airOutsPitching,groundOutsPitching,avg_runs_allowed,doublesPitching,triplesPitching,homeRunsPitching,strikeouts_y,baseOnBallsPitching,intentionalWalksPitching,hits_y,hitByPitchPitching,atBatsPitching,caughtStealingPitching,stolenBasesPitching,innings_pitched,earned_runs,battersFaced,outsPitching,hitBatsmen,balks,wildPitches,pickoffsPitching,rbiPitching,inheritedRunners,inheritedRunnersScored,catchersInterferencePitching,sacBuntsPitching,sacFliesPitching,teamName
2018,108,7021.0,6759.0,0.5095065312046444,0.5,530611.2345679012,4.617283950617284,9.228395061728396,4.450617283950617,1.537037037037037,0.1419753086419753,1.3209876543209877,8.024691358024691,3.1728395061728394,0.0,8.166666666666666,0.4506172839506173,33.77777777777778,0.13580246913580246,0.5493827160493827,0.0,0.0,37.95679012345679,13.950617283950617,4.2592592592592595,13.814814814814815,0.043209876543209874,0.24074074074074073,0.018518518518518517,0.043209876543209874,0.0,0.0,4.45679012345679,0.0,0.0,1.2654320987654322,8.555555555555555,3.3703703703703702,0.0,8.351851851851851,0.4012345679012346,33.611111111111114,0.0,0.0,8.866666666666667,4.08641975308642,37.80864197530864,26.617283950617285,0.4012345679012346,0.0,0.0,0.043209876543209874,4.216049382716049,0.0,0.0,0.018518518518518517,0.08641975308641975,0.21604938271604937,Angels
2018,109,7524.0,6224.0,0.5472796043060809,0.5,530622.6111111111,4.277777777777778,9.537037037037036,4.277777777777778,1.5987654320987654,0.30864197530864196,1.0864197530864197,9.012345679012345,3.45679012345679,0.0,7.919753086419753,0.32098765432098764,33.7037037037037,0.15432098765432098,0.4876543209876543,0.0,0.0,38.24074074074074,13.395061728395062,4.061728395061729,13.993827160493828,0.2345679012345679,0.2777777777777778,0.012345679012345678,0.05555555555555555,0.0,0.0,3.9753086419753085,0.0,0.0,1.0740740740740742,8.938271604938272,3.2222222222222223,0.0,8.104938271604938,0.35185185185185186,33.91975308641975,0.0,0.0,9.01358024691358,3.734567901234568,38.160493827160494,27.09259259259259,0.35185185185185186,0.0,0.0,0.04938271604938271,3.740740740740741,0.0,0.0,0.012345679012345678,0.17901234567901234,0.20987654320987653,D-backs
2018,110,4276.0,10020.0,0.2991046446558478,0.5,530606.512345679,4.37037037037037,9.709876543209877,3.8395061728395063,1.4938271604938271,0.09259259259259259,1.1604938271604939,8.716049382716049,2.6049382716049383,0.0,8.12962962962963,0.35185185185185186,33.99382716049383,0.13580246913580246,0.5,0.0,0.0,37.364197530864196,13.290123456790123,3.6604938271604937,13.395061728395062,0.08024691358024691,0.21604938271604937,0.0,0.04938271604938271,0.0,0.0,5.506172839506172,0.0,0.0,1.4444444444444444,7.425925925925926,3.6358024691358026,0.0,9.580246913580247,0.41358024691358025,34.72222222222222,0.0,0.0,8.81604938271605,5.08641975308642,39.31481481481482,26.5,0.41358024691358025,0.0,0.0,0.030864197530864196,5.185185185185185,0.0,0.0,0.0,0.10493827160493827,0.25925925925925924,Orioles
2018,111,9659.0,4387.0,0.6876690872846362,0.4943181818181818,533218.1988636364,4.5397727272727275,9.857954545454545,5.454545454545454,2.159090909090909,0.18181818181818182,1.2784090909090908,7.801136363636363,3.5681818181818183,0.0,9.261363636363637,0.3465909090909091,34.79545454545455,0.19318181818181818,0.75,0.0,0.0,39.30681818181818,15.619318181818182,5.1647727272727275,14.676136363636363,0.05113636363636364,0.2897727272727273,0.0,0.07386363636363637,0.0,0.0,3.965909090909091,0.0,0.0,1.0909090909090908,9.590909090909092,3.2329545454545454,0.0,7.9772727272727275,0.5170454545454546,34.11363636363637,0.0,0.0,9.04659090909091,3.7329545454545454,38.25568181818182,27.147727272727273,0.5170454545454546,0.0,0.0,0.056818181818181816,3.8068181818181817,0.0,0.0,0.0,0.056818181818181816,0.2840909090909091,Red Sox
2018,112,8391.0,6005.0,0.582870241733815,0.5060975609756098,531070.262195122,3.8597560975609757,10.091463414634147,4.646341463414634,1.75,0.2073170731707317,1.0182926829268293,8.560975609756097,3.542682926829268,0.0,8.896341463414634,0.47560975609756095,34.55487804878049,0.23170731707317074,0.4146341463414634,0.0,0.0,39.59146341463415,14.115853658536585,4.408536585365853,15.365853658536585,0.25,0.2804878048780488,0.036585365853658534,0.07317073170731707,0.0,0.0,3.9451219512195124,0.0,0.0,0.9573170731707317,8.207317073170731,3.8109756097560976,0.0,8.109756097560975,0.4024390243902439,33.829268292682926,0.0,0.0,9.06280487804878,3.658536585365854,38.71341463414634,27.24390243902439,0.4024390243902439,0.0,0.0,0.10975609756097561,3.768292682926829,0.0,0.0,0.012195121951219513,0.23780487804878048,0.21951219512195122,Cubs
2018,113,5586.0,8221.0,0.40457738828130657,0.5,530617.4012345679,4.672839506172839,9.191358024691358,4.296296296296297,1.5493827160493827,0.15432098765432098,1.0617283950617284,8.493827160493828,3.450617283950617,0.0,8.666666666666666,0.4012345679012346,34.148148148148145,0.2037037037037037,0.47530864197530864,0.0,0.0,38.73456790123457,13.709876543209877,4.104938271604938,15.320987654320987,0.30246913580246915,0.21604938271604937,0.0,0.08641975308641975,0.0,0.0,5.055555555555555,0.0,0.0,1.4074074074074074,7.765432098765432,3.2839506172839505,0.0,9.203703703703704,0.30864197530864196,34.598765432098766,0.0,0.0,8.88641975308642,4.574074074074074,39.129629629629626,26.685185185185187,0.30864197530864196,0.0,0.0,0.024691358024691357,4.882716049382716,0.0,0.0,0.006172839506172839,0.2654320987654321,0.2962962962962963,Reds
2018,114,7672.0,6142.0,0.5553786014188504,0.49696969696969695,531233.1090909091,4.83030303030303,9.387878787878789,4.993939393939394,1.8060606060606061,0.11515151515151516,1.3212121212121213,7.387878787878788,3.393939393939394,0.0,8.848484848484848,0.48484848484848486,34.45454545454545,0.21818181818181817,0.8181818181818182,0.0,0.0,38.981818181818184,14.848484848484848,4.787878787878788,14.6,0.15757575757575756,0.2727272727272727,0.012121212121212121,0.04242424242424243,0.0,0.0,4.054545454545455,0.0,0.0,1.2606060606060605,9.503030303030304,2.5515151515151517,0.0,8.381818181818181,0.37575757575757573,34.36363636363637,0.0,0.0,8.965454545454545,3.824242424242424,37.733333333333334,26.951515151515153,0.37575757575757573,0.0,0.0,0.048484848484848485,3.9696969696969697,0.0,0.0,0.012121212121212121,0.10303030303030303,0.12727272727272726,Indians
2018,115,7320.0,6518.0,0.5289781760369996,0.49101796407185627,531646.502994012,4.005988023952096,10.035928143712574,4.6946107784431135,1.7065868263473054,0.25748502994011974,1.2574850299401197,8.622754491017965,3.1017964071856285,0.0,8.640718562874252,0.30538922155688625,34.041916167664674,0.20958083832335328,0.5748502994011976,0.0,0.0,38.16167664670659,14.634730538922156,4.502994011976048,13.886227544910179,0.25149700598802394,0.23353293413173654,0.0,0.0658682634730539,0.0,0.0,4.544910179640719,0.0,0.0,1.125748502994012,8.682634730538922,3.269461077844311,0.0,8.449101796407186,0.31137724550898205,33.81437125748503,0.0,0.0,8.917365269461078,4.269461077844311,38.02994011976048,26.802395209580837,0.31137724550898205,0.0,0.0,0.07784431137724551,4.299401197604791,0.0,0.0,0.029940119760479042,0.15568862275449102,0.281437125748503,Rockies
2018,116,5835.0,7954.0,0.42316339110885487,0.5,530613.2407407408,4.401234567901234,9.148148148148149,3.888888888888889,1.7530864197530864,0.21604938271604937,0.8333333333333334,8.277777777777779,2.6419753086419755,0.0,8.185185185185185,0.32098765432098764,33.91358024691358,0.18518518518518517,0.43209876543209874,0.0,0.0,37.32716049382716,12.87037037037037,3.685185185185185,14.11111111111111,0.09259259259259259,0.24691358024691357,0.0,0.08024691358024691,0.0,0.0,4.91358024691358,0.0,0.0,1.3333333333333333,7.5,3.0308641975308643,0.0,8.783950617283951,0.37037037037037035,33.98148148148148,0.0,0.0,8.792592592592593,4.481481481481482,37.96296296296296,26.395061728395063,0.37037037037037035,0.0,0.0,0.04938271604938271,4.734567901234568,0.0,0.0,0.006172839506172839,0.09876543209876543,0.35185185185185186,Tigers
2018,117,8819.0,5098.0,0.633685420708486,0.5058823529411764,532151.3529411765,4.794117647058823,9.435294117647059,4.935294117647059,1.7294117647058824,0.10588235294117647,1.2882352941176471,7.435294117647059,3.552941176470588,0.0,8.594117647058823,0.40588235294117647,33.68235294117647,0.17058823529411765,0.43529411764705883,0.0,0.0,38.22352941176471,14.4,4.729411764705882,14.01764705882353,0.08823529411764706,0.2647058823529412,0.047058823529411764,0.058823529411764705,0.0,0.0,3.347058823529412,0.0,0.0,0.9352941176470588,10.323529411764707,2.711764705882353,0.0,7.158823529411765,0.4117647058823529,33.1,0.0,0.0,8.964117647058824,3.152941176470588,36.53529411764706,26.929411764705883,0.4117647058823529,0.0,0.0,0.041176470588235294,3.2058823529411766,0.0,0.0,0.0058823529411764705,0.07647058823529412,0.20588235294117646,Astros
2018,118,4503.0,9320.0,0.3257614121391883,0.5,530624.5432098765,4.962962962962963,9.41358024691358,3.9382716049382718,1.7469135802469136,0.17901234567901234,0.9567901234567902,8.08641975308642,2.6358024691358026,0.0,8.333333333333334,0.41358024691358025,33.98148148148148,0.2345679012345679,0.7222222222222222,0.0,0.0,37.50617283950617,13.308641975308642,3.740740740740741,13.753086419753087,0.14814814814814814,0.24691358024691357,0.0,0.09259259259259259,0.0,0.0,5.1419753086419755,0.0,0.0,1.2654320987654322,7.1419753086419755,3.388888888888889,0.0,9.518518518518519,0.3148148148148148,34.58641975308642,0.0,0.0,8.826543209876544,4.851851851851852,38.96296296296296,26.51851851851852,0.3148148148148148,0.0,0.0,0.037037037037037035,4.919753086419753,0.0,0.0,0.006172839506172839,0.1419753086419753,0.35185185185185186,Royals
2018,119,7430.0,6642.0,0.5279988629903354,0.5027932960893855,533778.1396648044,4.670391061452514,8.910614525139664,4.82122905027933,1.7374301675977655,0.19553072625698323,1.4189944134078212,8.988826815642458,3.988826815642458,0.0,8.41340782122905,0.37988826815642457,34.17877094972067,0.1564245810055866,0.49162011173184356,0.0,0.0,39.312849162011176,14.798882681564246,4.5363128491620115,14.804469273743017,0.24022346368715083,0.2346368715083799,0.0,0.061452513966480445,0.0,0.0,3.7430167597765363,0.0,0.0,1.089385474860335,9.659217877094973,2.64804469273743,0.0,7.804469273743017,0.3575418994413408,34.18994413407821,0.0,0.0,9.083240223463688,3.4245810055865924,37.78212290502793,27.28491620111732,0.3575418994413408,0.0,0.0,0.055865921787709494,3.53072625698324,0.0,0.0,0.0223463687150838,0.15083798882681565,0.1340782122905028,Dodgers
2018,120,7354.0,7051.0,0.5105171815341896,0.5,530627.5185185185,4.302469135802469,9.845679012345679,4.7592592592592595,1.7530864197530864,0.15432098765432098,1.1790123456790123,7.95679012345679,3.8950617283950617,0.0,8.654320987654321,0.36419753086419754,34.05555555555556,0.2037037037037037,0.7345679012345679,0.0,0.0,39.160493827160494,14.253086419753087,4.549382716049383,14.944444444444445,0.25308641975308643,0.24691358024691357,0.0,0.13580246913580246,0.0,0.0,4.209876543209877,0.0,0.0,1.2222222222222223,8.746913580246913,3.006172839506173,0.0,8.148148148148149,0.4691358024691358,33.660493827160494,0.0,0.0,8.917283950617284,4.006172839506172,37.80246913580247,26.77777777777778,0.4691358024691358,0.0,0.0,0.05555555555555555,4.08641975308642,0.0,0.0,0.0,0.17901234567901234,0.25308641975308643,Nationals
2018,121,6379.0,7714.0,0.45263606045554533,0.5,530636.9197530864,4.7592592592592595,9.141975308641975,4.172839506172839,1.6358024691358024,0.20987654320987653,1.0493827160493827,8.666666666666666,3.493827160493827,0.0,7.91358024691358,0.4506172839506173,33.75308641975309,0.24074074074074073,0.4382716049382716,0.0,0.0,38.351851851851855,13.117283950617283,4.006172839506172,14.185185185185185,0.1728395061728395,0.25925925925925924,0.0,0.07407407407407407,0.0,0.0,4.364197530864198,0.0,0.0,1.1419753086419753,8.925925925925926,2.9876543209876543,0.0,8.419753086419753,0.4382716049382716,34.2037037037037,0.0,0.0,9.004938271604939,4.080246913580247,38.333333333333336,27.049382716049383,0.4382716049382716,0.0,0.0,0.09259259259259259,4.216049382716049,0.0,0.0,0.0,0.25925925925925924,0.24691358024691357,Mets
2018,133,7767.0,5986.0,0.5647495091979932,0.49693251533742333,530819.8404907975,4.920245398773006,8.791411042944786,5.0,1.9754601226993864,0.12269938650306748,1.3987730061349692,8.552147239263803,3.4049079754601226,0.0,8.662576687116564,0.4662576687116564,34.42944785276074,0.12883435582822086,0.2147239263803681,0.0,0.0,38.717791411042946,15.079754601226995,4.785276073619632,14.43558282208589,0.03680981595092025,0.26993865030674846,0.0,0.049079754601226995,0.0,0.0,4.177914110429448,0.0,0.0,1.1411042944785277,7.625766871165644,2.932515337423313,0.0,8.036809815950921,0.32515337423312884,34.02453987730061,0.0,0.0,9.033742331288343,3.852760736196319,37.74233128834356,27.12269938650307,0.32515337423312884,0.0,0.0,0.03067484662576687,3.9877300613496933,0.0,0.0,0.012269938650306749,0.1411042944785276,0.1901840490797546,Athletics
2018,134,6915.0,6873.0,0.5015230635335074,0.4968944099378882,530619.9627329193,4.496894409937888,9.826086956521738,4.298136645962733,1.8012422360248448,0.2360248447204969,0.9751552795031055,7.633540372670807,2.9440993788819876,0.0,8.577639751552795,0.36645962732919257,33.83229813664596,0.2360248447204969,0.43478260869565216,0.0,0.0,37.93167701863354,13.77639751552795,4.130434782608695,13.726708074534162,0.19254658385093168,0.32298136645962733,0.018633540372670808,0.037267080745341616,0.0,0.0,4.304347826086956,0.0,0.0,1.0807453416149069,8.298136645962733,3.0869565217391304,0.0,8.571428571428571,0.42857142857142855,34.19875776397515,0.0,0.0,8.898136645962733,3.9565217391304346,38.42857142857143,26.720496894409937,0.42857142857142855,0.0,0.0,0.012422360248447204,4.024844720496894,0.0,0.0,0.0,0.22981366459627328,0.21739130434782608,Pirates
2018,135,5559.0,8141.0,0.4057664233576642,0.5,530601.7901234567,3.759259259259259,9.895061728395062,3.808641975308642,1.5432098765432098,0.18518518518518517,1.0,9.401234567901234,2.9074074074074074,0.0,7.95679012345679,0.19135802469135801,33.864197530864196,0.2222222222222222,0.5864197530864198,0.0,0.0,37.574074074074076,12.87037037037037,3.5987654320987654,13.469135802469136,0.21604938271604937,0.2222222222222222,0.0,0.08641975308641975,0.0,0.0,4.734567901234568,0.0,0.0,1.1419753086419753,8.635802469135802,3.2037037037037037,0.0,8.82716049382716,0.41975308641975306,34.51234567901235,0.0,0.0,8.980864197530865,4.401234567901234,38.77777777777778,26.98148148148148,0.41975308641975306,0.0,0.0,0.12345679012345678,4.518518518518518,0.0,0.0,0.006172839506172839,0.2222222222222222,0.24074074074074073,Padres
2018,136,7911.0,5830.0,0.575722290954079,0.5,530629.074074074,4.574074074074074,10.265432098765432,4.179012345679013,1.5802469135802468,0.19753086419753085,1.0864197530864197,7.537037037037037,2.654320987654321,0.0,8.654320987654321,0.43209876543209874,34.03086419753087,0.22839506172839505,0.4876543209876543,0.0,0.0,37.7037037037037,13.88888888888889,3.9753086419753085,14.117283950617283,0.17901234567901234,0.25308641975308643,0.024691358024691357,0.06790123456790123,0.0,0.0,4.388888888888889,0.0,0.0,1.2037037037037037,8.197530864197532,2.4691358024691357,0.0,8.617283950617283,0.4444444444444444,34.22839506172839,0.0,0.0,8.939506172839506,4.098765432098766,37.617283950617285,26.82716049382716,0.4444444444444444,0.0,0.0,0.07407407407407407,4.172839506172839,0.0,0.0,0.012345679012345678,0.07407407407407407,0.25925925925925924,Mariners
2018,137,6703.0,7019.0,0.4884856434922023,0.5,530615.574074074,4.191358024691358,9.790123456790123,3.7222222222222223,1.5740740740740742,0.18518518518518517,0.8209876543209876,9.055555555555555,2.765432098765432,0.0,8.17283950617284,0.30246913580246915,34.2037037037037,0.20987654320987653,0.47530864197530864,0.0,0.0,37.98148148148148,12.580246913580247,3.537037037037037,13.95679012345679,0.2037037037037037,0.25925925925925924,0.0,0.08641975308641975,0.0,0.0,4.314814814814815,0.0,0.0,0.9629629629629629,7.833333333333333,3.234567901234568,0.0,8.561728395061728,0.2777777777777778,34.10493827160494,0.0,0.0,9.006172839506172,3.95679012345679,38.44444444444444,27.061728395061728,0.2777777777777778,0.0,0.0,0.06790123456790123,4.135802469135802,0.0,0.0,0.0,0.30246913580246915,0.2962962962962963,Giants
2018,138,7400.0,6317.0,0.5394765619304512,0.5,530632.7037037037,4.574074074074074,9.351851851851851,4.685185185185185,1.5308641975308641,0.05555555555555555,1.2654320987654322,8.518518518518519,3.240740740740741,0.0,8.450617283950617,0.49382716049382713,33.93827160493827,0.19753086419753085,0.3888888888888889,0.0,0.0,38.53703703703704,13.88888888888889,4.4753086419753085,14.358024691358025,0.2839506172839506,0.2962962962962963,0.018518518518518517,0.06172839506172839,0.0,0.0,4.265432098765432,0.0,0.0,0.8888888888888888,8.253086419753087,3.6604938271604937,0.0,8.358024691358025,0.41358024691358025,33.98765432098765,0.0,0.0,8.964814814814815,3.8395061728395063,39.01234567901235,26.950617283950617,0.41358024691358025,0.0,0.0,0.04938271604938271,4.0,0.0,0.0,0.0,0.3395061728395062,0.30864197530864196,Cardinals
2018,139,6997.0,6761.0,0.5085768280273295,0.5,530638.1172839506,4.012345679012346,9.481481481481481,4.419753086419753,1.691358024691358,0.2654320987654321,0.9259259259259259,8.567901234567902,3.3333333333333335,0.0,8.734567901234568,0.6234567901234568,33.7962962962963,0.3148148148148148,0.7901234567901234,0.0,0.0,38.351851851851855,13.734567901234568,4.098765432098766,14.87037037037037,0.1728395061728395,0.30864197530864196,0.006172839506172839,0.1111111111111111,0.0,0.0,3.9876543209876543,0.0,0.0,1.0123456790123457,8.771604938271604,3.0925925925925926,0.0,7.62962962962963,0.3271604938271605,33.22222222222222,0.0,0.0,8.930246913580246,3.7160493827160495,37.19753086419753,26.820987654320987,0.3271604938271605,0.0,0.0,0.043209876543209874,3.7901234567901234,0.0,0.0,0.006172839506172839,0.09876543209876543,0.24074074074074073,Rays
2018,140,5708.0,8018.0,0.41585312545534026,0.5,530609.4567901235,4.345679012345679,9.092592592592593,4.549382716049383,1.6419753086419753,0.14814814814814814,1.1975308641975309,9.160493827160494,3.425925925925926,0.0,8.074074074074074,0.5432098765432098,33.660493827160494,0.21604938271604937,0.4567901234567901,0.0,0.0,38.141975308641975,13.604938271604938,4.296296296296297,14.351851851851851,0.2037037037037037,0.20987654320987653,0.0,0.07407407407407407,0.0,0.0,5.234567901234568,0.0,0.0,1.3703703703703705,6.919753086419753,3.0308641975308643,0.0,9.358024691358025,0.4444444444444444,34.54938271604938,0.0,0.0,8.82469135802469,4.833333333333333,38.60493827160494,26.5,0.4444444444444444,0.0,0.0,0.05555555555555555,4.969135802469136,0.0,0.0,0.006172839506172839,0.12345679012345678,0.30864197530864196,Rangers
2018,141,6396.0,7403.0,0.4635118486846873,0.5,530631.0493827161,4.567901234567901,8.987654320987655,4.3765432098765435,1.9753086419753085,0.09876543209876543,1.3395061728395061,8.561728395061728,3.080246913580247,0.0,8.246913580246913,0.35802469135802467,33.80864197530864,0.18518518518518517,0.29012345679012347,0.0,0.0,37.598765432098766,14.438271604938272,4.197530864197531,13.82716049382716,0.030864197530864196,0.22839506172839505,0.0,0.04938271604938271,0.0,0.0,5.135802469135802,0.0,0.0,1.2839506172839505,8.012345679012345,3.4012345679012346,0.0,9.11111111111111,0.41358024691358025,34.4320987654321,0.0,0.0,8.842592592592593,4.765432098765432,38.79012345679013,26.549382716049383,0.41358024691358025,0.0,0.0,0.06790123456790123,4.882716049382716,0.0,0.0,0.018518518518518517,0.1111111111111111,0.2962962962962963,Blue Jays
2018,142,6341.0,7354.0,0.46301569916027746,0.5,530633.6296296297,4.993827160493828,8.697530864197532,4.555555555555555,1.9567901234567902,0.13580246913580246,1.0246913580246915,8.197530864197532,3.2962962962962963,0.0,8.512345679012345,0.22839506172839505,34.111111111111114,0.16666666666666666,0.29012345679012347,0.0,0.0,38.141975308641975,13.814814814814815,4.345679012345679,13.981481481481481,0.11728395061728394,0.2345679012345679,0.0,0.12345679012345678,0.0,0.0,4.783950617283951,0.0,0.0,1.2222222222222223,8.5,3.537037037037037,0.0,8.796296296296296,0.49382716049382713,34.32098765432099,0.0,0.0,8.88641975308642,4.450617283950617,39.01851851851852,26.728395061728396,0.49382716049382713,0.0,0.0,0.06790123456790123,4.5246913580246915,0.0,0.0,0.0,0.15432098765432098,0.30246913580246915,Twins
2018,143,7529.0,6533.0,0.5354145925188452,0.5,530626.6851851852,4.296296296296297,8.87037037037037,4.179012345679013,1.4876543209876543,0.18518518518518517,1.1481481481481481,9.382716049382717,3.5925925925925926,0.0,7.839506172839506,0.3950617283950617,33.48148148148148,0.16049382716049382,0.42592592592592593,0.0,0.0,38.092592592592595,13.141975308641975,4.030864197530864,14.179012345679013,0.19753086419753085,0.19753086419753085,0.012345679012345678,0.07407407407407407,0.0,0.0,4.493827160493828,0.0,0.0,1.0555555555555556,9.04320987654321,3.0864197530864197,0.0,8.432098765432098,0.37037037037037035,33.888888888888886,0.0,0.0,8.908024691358024,4.104938271604938,38.10493827160494,26.771604938271604,0.37037037037037035,0.0,0.0,0.07407407407407407,4.228395061728395,0.0,0.0,0.024691358024691357,0.24074074074074073,0.2777777777777778,Phillies
2018,144,7851.0,6138.0,0.5612266781042248,0.5,531414.265060241,4.63855421686747,9.704819277108435,4.620481927710843,1.8975903614457832,0.1746987951807229,1.0662650602409638,7.963855421686747,3.1325301204819276,0.0,8.74698795180723,0.4036144578313253,34.36746987951807,0.22289156626506024,0.5421686746987951,0.0,0.0,38.78915662650602,14.19277108433735,4.367469879518072,14.19277108433735,0.30120481927710846,0.25903614457831325,0.0,0.04819277108433735,0.0,0.0,4.078313253012048,0.0,0.0,0.9698795180722891,8.783132530120483,3.9879518072289155,0.0,7.596385542168675,0.3192771084337349,33.204819277108435,0.0,0.0,8.97710843373494,3.7650602409638556,38.24698795180723,26.93975903614458,0.3192771084337349,0.0,0.0,0.0963855421686747,3.9397590361445785,0.0,0.0,0.006024096385542169,0.2469879518072289,0.21686746987951808,Braves
2018,145,5060.0,8712.0,0.36741214057507987,0.5,530614.438271605,3.919753086419753,9.148148148148149,4.049382716049383,1.5987654320987654,0.24691358024691357,1.123456790123457,9.839506172839506,2.623456790123457,0.0,8.222222222222221,0.4074074074074074,34.092592592592595,0.25308641975308643,0.6049382716049383,0.0,0.0,37.592592592592595,13.685185185185185,3.9444444444444446,13.45679012345679,0.14814814814814814,0.19753086419753085,0.006172839506172839,0.07407407407407407,0.0,0.0,5.234567901234568,0.0,0.0,1.2098765432098766,7.771604938271605,4.030864197530864,0.0,8.666666666666666,0.5493827160493827,34.141975308641975,0.0,0.0,8.861728395061728,4.7592592592592595,39.28395061728395,26.61111111111111,0.5493827160493827,0.0,0.0,0.09259259259259259,4.944444444444445,0.0,0.0,0.006172839506172839,0.1111111111111111,0.29012345679012347,White Sox
2018,146,5598.0,8420.0,0.3993437009559138,0.5031055900621118,530612.6211180125,3.782608695652174,10.391304347826088,3.658385093167702,1.3788819875776397,0.14906832298136646,0.7950310559006211,8.596273291925465,2.8260869565217392,0.0,8.093167701863354,0.453416149068323,34.08695652173913,0.19254658385093168,0.2795031055900621,0.0,0.0,37.962732919254655,12.15527950310559,3.440993788819876,14.559006211180124,0.19875776397515527,0.19254658385093168,0.018633540372670808,0.06832298136645963,0.0,0.0,5.024844720496894,0.0,0.0,1.1925465838509317,7.75776397515528,3.7577639751552794,0.0,8.621118012422361,0.4409937888198758,33.98757763975155,0.0,0.0,8.939130434782609,4.732919254658385,39.18633540372671,26.869565217391305,0.4409937888198758,0.0,0.0,0.07453416149068323,4.788819875776397,0.0,0.0,0.012422360248447204,0.2360248447204969,0.2981366459627329,Marlins
2018,147,9022.0,5098.0,0.6389518413597733,0.5029940119760479,531603.868263473,4.736526946107785,8.982035928143713,5.221556886227545,1.6347305389221556,0.1437125748502994,1.6347305389221556,8.730538922155688,3.856287425149701,0.0,8.437125748502995,0.3772455089820359,33.98203592814371,0.12574850299401197,0.38323353293413176,0.0,0.0,38.778443113772454,15.263473053892216,5.041916167664671,14.706586826347305,0.0658682634730539,0.3712574850299401,0.0,0.041916167664670656,0.0,0.0,4.179640718562874,0.0,0.0,1.089820359281437,10.035928143712574,3.095808383233533,0.0,8.113772455089821,0.3532934131736527,34.22754491017964,0.0,0.0,8.978443113772455,3.8323353293413174,38.041916167664674,26.952095808383234,0.3532934131736527,0.0,0.0,0.05389221556886228,3.9520958083832336,0.0,0.0,0.0,0.10778443113772455,0.19161676646706588,Yankees
2018,158,8095.0,5903.0,0.5782968995570796,0.5028901734104047,532734.9768786128,3.9884393063583814,9.861271676300579,4.572254335260116,1.583815028901734,0.14450867052023122,1.3179190751445087,9.028901734104046,3.3236994219653178,0.0,8.572254335260116,0.34104046242774566,34.052023121387286,0.2023121387283237,0.7630057803468208,0.0,0.0,38.40462427745665,14.398843930635838,4.300578034682081,14.393063583815028,0.1676300578034682,0.24277456647398843,0.023121387283236993,0.08670520231213873,0.0,0.0,3.953757225433526,0.0,0.0,1.0289017341040463,8.901734104046243,3.3757225433526012,0.0,7.664739884393064,0.3815028901734104,33.23121387283237,0.0,0.0,8.975722543352601,3.647398843930636,37.71098265895954,26.959537572254334,0.3815028901734104,0.0,0.0,0.05202312138728324,3.7630057803468207,0.0,0.0,0.011560693641618497,0.2543352601156069,0.24277456647398843,Brewers
2018,159,1.0,0.0,1.0,0.0,530856.0,5.0,7.0,8.0,0.0,0.0,5.0,13.0,4.0,0.0,13.0,0.0,42.0,0.0,0.0,0.0,0.0,47.0,28.0,8.0,16.0,0.0,1.0,0.0,0.0,0.0,0.0,6.0,0.0,0.0,5.0,12.0,5.0,0.0,7.0,1.0,37.0,0.0,0.0,10.0,6.0,43.0,30.0,1.0,0.0,0.0,0.0,6.0,0.0,0.0,0.0,0.0,0.0,
2018,160,0.0,1.0,0.0,1.0,530856.0,9.0,7.0,6.0,1.0,0.0,5.0,12.0,5.0,0.0,7.0,1.0,37.0,0.0,0.0,0.0,0.0,43.0,23.0,6.0,12.0,0.0,0.0,0.0,0.0,0.0,0.0,8.0,0.0,0.0,5.0,13.0,4.0,0.0,13.0,0.0,42.0,0.0,0.0,10.0,6.0,47.0,30.0,0.0,0.0,0.0,0.0,8.0,0.0,0.0,0.0,0.0,1.0,
2019,108,6729.0,7273.0,0.48057420368518783,0.5,565475.0308641975,4.4753086419753085,9.037037037037036,4.746913580246914,1.654320987654321,0.12962962962962962,1.3580246913580247,7.8765432098765435,3.617283950617284,0.0,8.444444444444445,0.41358024691358025,34.20987654320987,0.12345679012345678,0.4012345679012346,0.0,0.0,38.82716049382716,14.432098765432098,4.530864197530864,14.666666666666666,0.024691358024691357,0.25925925925925924,0.06172839506172839,0.043209876543209874,0.0,0.0,5.3580246913580245,0.0,0.0,1.6481481481481481,8.666666666666666,3.5555555555555554,0.0,8.746913580246913,0.5061728395061729,34.41358024691358,0.0,0.0,8.898148148148149,5.061728395061729,38.888888888888886,26.71604938271605,0.5061728395061729,0.0,0.0,0.11728395061728394,5.135802469135802,0.0,0.0,0.006172839506172839,0.07407407407407407,0.2654320987654321,Angels
2019,109,6963.0,6733.0,0.5083966121495327,0.5,565589.5185185185,4.611111111111111,9.209876543209877,5.018518518518518,1.7777777777777777,0.24691358024691357,1.3580246913580247,8.395061728395062,3.3333333333333335,0.0,8.75925925925926,0.43209876543209874,34.77160493827161,0.08641975308641975,0.5432098765432098,0.0,0.0,39.20987654320987,15.104938271604938,4.802469135802469,14.376543209876543,0.19135802469135801,0.24691358024691357,0.006172839506172839,0.037037037037037035,0.0,0.0,4.58641975308642,0.0,0.0,1.3580246913580247,8.808641975308642,3.185185185185185,0.0,8.641975308641975,0.38271604938271603,34.370370370370374,0.0,0.0,9.030246913580248,4.265432098765432,38.69135802469136,27.12962962962963,0.38271604938271603,0.0,0.0,0.08024691358024691,4.419753086419753,0.0,0.0,0.037037037037037035,0.24074074074074073,0.24074074074074073,D-backs
2019,110,4630.0,9378.0,0.3305254140491148,0.5,565573.0432098765,4.185185185185185,8.975308641975309,4.5,1.5555555555555556,0.15432098765432098,1.3148148148148149,8.858024691358025,2.8518518518518516,0.0,8.512345679012345,0.4382716049382716,34.54320987654321,0.18518518518518517,0.5185185185185185,0.0,0.0,38.25925925925926,14.320987654320987,4.308641975308642,13.969135802469136,0.13580246913580246,0.22839506172839505,0.006172839506172839,0.1111111111111111,0.0,0.0,6.055555555555555,0.0,0.0,1.882716049382716,7.703703703703703,3.462962962962963,0.0,9.530864197530864,0.49382716049382713,35.166666666666664,0.0,0.0,8.885802469135802,5.537037037037037,39.54938271604938,26.72222222222222,0.49382716049382713,0.0,0.0,0.030864197530864196,5.777777777777778,0.0,0.0,0.012345679012345678,0.06172839506172839,0.2839506172839506,Orioles
2019,111,7183.0,6702.0,0.5173208498379547,0.5,565674.5,4.537037037037037,9.024691358024691,5.561728395061729,2.1296296296296298,0.16666666666666666,1.5123456790123457,8.530864197530864,3.6419753086419755,0.0,9.592592592592593,0.30246913580246915,35.617283950617285,0.18518518518518517,0.41975308641975306,0.0,0.0,40.2037037037037,16.59259259259259,5.290123456790123,15.209876543209877,0.12345679012345678,0.2716049382716049,0.012345679012345678,0.04938271604938271,0.0,0.0,5.111111111111111,0.0,0.0,1.3271604938271604,10.080246913580247,3.734567901234568,0.0,8.783950617283951,0.4691358024691358,34.93827160493827,0.0,0.0,9.071604938271605,4.7407407407407405,39.641975308641975,27.24074074074074,0.4691358024691358,0.0,0.0,0.043209876543209874,4.882716049382716,0.0,0.0,0.012345679012345678,0.1111111111111111,0.2345679012345679,Red Sox
2019,112,7532.0,6309.0,0.544180333790911,0.5,565761.7098765433,3.617283950617284,9.098765432098766,5.0246913580246915,1.6666666666666667,0.16049382716049382,1.5802469135802468,9.012345679012345,3.5864197530864197,0.0,8.506172839506172,0.5123456790123457,33.70987654320987,0.14814814814814814,0.2777777777777778,0.0,0.0,38.45061728395062,15.234567901234568,4.833333333333333,13.450617283950617,0.18518518518518517,0.24074074074074073,0.006172839506172839,0.06172839506172839,0.0,0.0,4.425925925925926,0.0,0.0,1.2037037037037037,8.91358024691358,3.2962962962962963,0.0,8.493827160493828,0.49382716049382713,33.901234567901234,0.0,0.0,8.88395061728395,4.055555555555555,38.30864197530864,26.703703703703702,0.49382716049382713,0.0,0.0,0.08024691358024691,4.135802469135802,0.0,0.0,0.037037037037037035,0.17901234567901234,0.30246913580246915,Cubs
2019,113,6394.0,7582.0,0.4574985689753864,0.5,565773.8950617284,4.283950617283951,8.358024691358025,4.327160493827161,1.4506172839506173,0.16666666666666666,1.4012345679012346,8.864197530864198,3.037037037037037,0.0,8.197530864197532,0.5493827160493827,33.641975308641975,0.2345679012345679,0.49382716049382713,0.0,0.0,37.839506172839506,14.185185185185185,4.191358024691358,13.376543209876543,0.18518518518518517,0.2037037037037037,0.037037037037037035,0.09876543209876543,0.0,0.0,4.388888888888889,0.0,0.0,1.3209876543209877,9.580246913580247,3.308641975308642,0.0,7.839506172839506,0.35802469135802467,33.30246913580247,0.0,0.0,8.86358024691358,4.1234567901234565,37.58024691358025,26.62962962962963,0.35802469135802467,0.0,0.0,0.018518518518518517,4.216049382716049,0.0,0.0,0.006172839506172839,0.2222222222222222,0.19135802469135801,Reds
2019,114,7981.0,6038.0,0.5692988087595406,0.5,565808.0555555555,4.506172839506172,8.598765432098766,4.746913580246914,1.7654320987654322,0.1111111111111111,1.376543209876543,8.222222222222221,3.4753086419753085,0.0,8.358024691358025,0.30864197530864196,33.48765432098765,0.21604938271604937,0.6358024691358025,0.0,0.0,37.98148148148148,14.475308641975309,4.512345679012346,13.765432098765432,0.24691358024691357,0.2839506172839506,0.0,0.05555555555555555,0.0,0.0,4.055555555555555,0.0,0.0,1.2777777777777777,9.308641975308642,2.7777777777777777,0.0,8.074074074074074,0.38271604938271603,33.635802469135804,0.0,0.0,8.867283950617283,3.7098765432098766,37.2037037037037,26.623456790123456,0.38271604938271603,0.0,0.0,0.07407407407407407,3.888888888888889,0.0,0.0,0.0,0.10493827160493827,0.18518518518518517,Indians
2019,115,6469.0,7540.0,0.4617745734884717,0.5,565833.3641975309,4.222222222222222,8.777777777777779,5.154320987654321,1.9938271604938271,0.25308641975308643,1.382716049382716,9.277777777777779,3.0185185185185186,0.0,9.271604938271604,0.2654320987654321,34.93827160493827,0.19135802469135801,0.4382716049382716,0.0,0.0,38.98148148148148,15.919753086419753,4.95679012345679,13.666666666666666,0.3148148148148148,0.2654320987654321,0.012345679012345678,0.09876543209876543,0.0,0.0,5.91358024691358,0.0,0.0,1.6666666666666667,7.802469135802469,3.6358024691358026,0.0,9.728395061728396,0.35185185185185186,35.135802469135804,0.0,0.0,8.930864197530864,5.5246913580246915,39.851851851851855,26.82716049382716,0.35185185185185186,0.0,0.0,0.043209876543209874,5.685185185185185,0.0,0.0,0.0,0.25925925925925924,0.2654320987654321,Rockies
2019,116,4722.0,9624.0,0.32915098285236305,0.5031055900621118,565896.1304347826,4.440993788819876,7.962732919254658,3.6149068322981366,1.813664596273292,0.2546583850931677,0.9254658385093167,9.906832298136646,2.4285714285714284,0.0,8.279503105590063,0.2981366459627329,34.46583850931677,0.12422360248447205,0.35403726708074534,0.0,0.0,37.59627329192546,13.378881987577639,3.453416149068323,14.192546583850932,0.055900621118012424,0.2608695652173913,0.0,0.049689440993788817,0.0,0.0,5.683229813664596,0.0,0.0,1.5527950310559007,8.496894409937887,3.329192546583851,0.0,9.658385093167702,0.42857142857142855,35.18012422360248,0.0,0.0,8.878881987577639,5.186335403726708,39.53416149068323,26.70186335403727,0.42857142857142855,0.0,0.0,0.06832298136645963,5.422360248447205,0.0,0.0,0.006211180124223602,0.15527950310559005,0.2857142857142857,Tigers
2019,117,8858.0,5030.0,0.6378168202764977,0.5055555555555555,569241.911111111,4.433333333333334,8.761111111111111,5.5055555555555555,1.9333333333333333,0.15555555555555556,1.738888888888889,7.333333333333333,3.95,0.0,9.344444444444445,0.37777777777777777,34.605555555555554,0.15555555555555556,0.43333333333333335,0.0,0.0,39.47222222222222,16.805555555555557,5.316666666666666,15.4,0.06111111111111111,0.3277777777777778,0.016666666666666666,0.06111111111111111,0.0,0.0,3.9555555555555557,0.0,0.0,1.4333333333333333,10.28888888888889,2.8444444444444446,0.0,7.472222222222222,0.24444444444444444,33.71666666666667,0.0,0.0,9.005555555555556,3.683333333333333,37.083333333333336,27.055555555555557,0.24444444444444444,0.0,0.0,0.027777777777777776,3.838888888888889,0.0,0.0,0.022222222222222223,0.07777777777777778,0.17222222222222222,Astros
2019,118,4981.0,8868.0,0.35966495775868296,0.5,566025.4938271604,4.388888888888889,8.82716049382716,4.265432098765432,1.7345679012345678,0.24691358024691357,1.0,8.67283950617284,2.814814814814815,0.0,8.37037037037037,0.36419753086419754,33.925925925925924,0.24074074074074073,0.7222222222222222,0.0,0.0,37.65432098765432,13.598765432098766,4.04320987654321,13.771604938271604,0.14814814814814814,0.25925925925925924,0.018518518518518517,0.12345679012345678,0.0,0.0,5.364197530864198,0.0,0.0,1.3641975308641976,7.592592592592593,3.5925925925925926,0.0,9.41358024691358,0.5,34.41975308641975,0.0,0.0,8.783333333333333,5.08641975308642,39.08641975308642,26.38888888888889,0.5,0.0,0.0,0.043209876543209874,5.179012345679013,0.0,0.0,0.006172839506172839,0.1111111111111111,0.30246913580246915,Royals
2019,119,8862.0,4836.0,0.6469557599649584,0.5029940119760479,566923.9880239521,4.610778443113772,8.251497005988025,5.437125748502994,1.8622754491017963,0.11976047904191617,1.7245508982035929,8.502994011976048,3.754491017964072,0.0,8.694610778443113,0.49101796407185627,33.92814371257485,0.059880239520958084,0.3712574850299401,0.0,0.0,39.08383233532934,15.970059880239521,5.281437125748503,14.251497005988025,0.32934131736526945,0.2754491017964072,0.0,0.029940119760479042,0.0,0.0,3.7964071856287425,0.0,0.0,1.1377245508982037,9.347305389221557,2.467065868263473,0.0,7.413173652694611,0.41317365269461076,33.221556886227546,0.0,0.0,8.919161676646707,3.3652694610778444,36.70059880239521,26.778443113772454,0.41317365269461076,0.0,0.0,0.03592814371257485,3.6407185628742513,0.0,0.0,0.011976047904191617,0.19760479041916168,0.23353293413173654,Dodgers
2019,120,7412.0,6662.0,0.5266448770783004,0.4972067039106145,569345.4748603352,4.4916201117318435,8.424581005586592,5.312849162011173,1.8156424581005586,0.16201117318435754,1.3966480446927374,8.167597765363128,3.5921787709497206,0.0,8.921787709497206,0.48044692737430167,33.95530726256983,0.16201117318435754,0.6703910614525139,0.0,0.0,38.832402234636874,15.251396648044693,5.022346368715084,14.206703910614525,0.31843575418994413,0.2569832402234637,0.0,0.061452513966480445,0.0,0.0,4.385474860335195,0.0,0.0,1.2569832402234637,9.41340782122905,3.206703910614525,0.0,8.206703910614525,0.36312849162011174,33.90502793296089,0.0,0.0,8.88659217877095,4.145251396648045,38.12290502793296,26.687150837988828,0.36312849162011174,0.0,0.0,0.061452513966480445,4.217877094972067,0.0,0.0,0.00558659217877095,0.16201117318435754,0.21787709497206703,Nationals
2019,121,6915.0,6948.0,0.49880978143259036,0.5,566273.7901234567,4.222222222222222,9.302469135802468,4.882716049382716,1.728395061728395,0.10493827160493827,1.4938271604938271,8.54320987654321,3.185185185185185,0.0,8.919753086419753,0.5864197530864198,34.71604938271605,0.16666666666666666,0.345679012345679,0.0,0.0,39.03703703703704,15.339506172839506,4.734567901234568,14.524691358024691,0.1728395061728395,0.16666666666666666,0.0,0.043209876543209874,0.0,0.0,4.549382716049383,0.0,0.0,1.2592592592592593,9.382716049382717,3.0864197530864197,0.0,8.67283950617284,0.37037037037037035,34.574074074074076,0.0,0.0,9.005555555555556,4.246913580246914,38.71604938271605,27.055555555555557,0.37037037037037035,0.0,0.0,0.018518518518518517,4.3765432098765435,0.0,0.0,0.006172839506172839,0.21604938271604937,0.21604938271604937,Mets
2019,133,7528.0,6015.0,0.555859115410175,0.5030674846625767,566280.5521472392,4.742331288343558,8.441717791411042,5.190184049079755,1.7914110429447854,0.1411042944785276,1.5766871165644172,8.282208588957054,3.5644171779141103,0.0,8.539877300613497,0.5337423312883436,34.31901840490798,0.12883435582822086,0.3006134969325153,0.0,0.0,38.79141104294479,15.343558282208589,4.914110429447852,14.343558282208589,0.04294478527607362,0.22699386503067484,0.0,0.04294478527607362,0.0,0.0,4.2024539877300615,0.0,0.0,1.2576687116564418,8.042944785276074,2.938650306748466,0.0,8.276073619631902,0.4049079754601227,34.20245398773006,0.0,0.0,9.021472392638037,3.9938650306748467,38.08588957055215,27.12883435582822,0.4049079754601227,0.0,0.0,0.08588957055214724,4.012269938650307,0.0,0.0,0.012269938650306749,0.15337423312883436,0.25766871165644173,Athletics
2019,134,6210.0,7564.0,0.4508494264556411,0.5,566181.1111111111,4.277777777777778,10.228395061728396,4.679012345679013,1.9444444444444444,0.2345679012345679,1.0061728395061729,7.487654320987654,2.623456790123457,0.0,9.24074074074074,0.3888888888888889,34.91975308641975,0.17901234567901234,0.3950617283950617,0.0,0.0,38.7037037037037,14.67283950617284,4.45679012345679,14.38888888888889,0.29012345679012347,0.20987654320987653,0.012345679012345678,0.08024691358024691,0.0,0.0,5.6234567901234565,0.0,0.0,1.4876543209876543,8.907407407407407,3.6049382716049383,0.0,9.32716049382716,0.5246913580246914,34.864197530864196,0.0,0.0,8.88888888888889,5.117283950617284,39.58641975308642,26.666666666666668,0.5246913580246914,0.0,0.0,0.043209876543209874,5.3580246913580245,0.0,0.0,0.024691358024691357,0.20987654320987653,0.2222222222222222,Pirates
2019,135,6635.0,7055.0,0.48466033601168734,0.5,566210.9629629629,3.697530864197531,8.537037037037036,4.209876543209877,1.382716049382716,0.14814814814814814,1.3518518518518519,9.75925925925926,3.111111111111111,0.0,7.907407407407407,0.3395061728395062,33.27777777777778,0.22839506172839505,0.43209876543209874,0.0,0.0,37.27777777777778,13.641975308641975,4.0246913580246915,12.987654320987655,0.22839506172839505,0.19135802469135801,0.006172839506172839,0.08641975308641975,0.0,0.0,4.87037037037037,0.0,0.0,1.3271604938271604,9.104938271604938,2.8580246913580245,0.0,8.604938271604938,0.41975308641975306,34.26543209876543,0.0,0.0,8.830864197530863,4.518518518518518,38.141975308641975,26.51851851851852,0.41975308641975306,0.0,0.0,0.030864197530864196,4.697530864197531,0.0,0.0,0.0,0.2654320987654321,0.21604938271604937,Padres
2019,136,5829.0,7659.0,0.43216192170818507,0.5,566233.6975308642,4.345679012345679,7.839506172839506,4.679012345679013,1.5679012345679013,0.1728395061728395,1.4753086419753085,9.75925925925926,3.6296296296296298,0.0,8.055555555555555,0.35802469135802467,33.95061728395062,0.29012345679012347,0.7098765432098766,0.0,0.0,38.32098765432099,14.395061728395062,4.506172839506172,14.055555555555555,0.08641975308641975,0.22839506172839505,0.012345679012345678,0.11728395061728394,0.0,0.0,5.512345679012346,0.0,0.0,1.6049382716049383,7.648148148148148,3.117283950617284,0.0,9.160493827160494,0.3148148148148148,34.888888888888886,0.0,0.0,8.874691358024691,4.925925925925926,38.84567901234568,26.65432098765432,0.3148148148148148,0.0,0.0,0.037037037037037035,5.228395061728395,0.0,0.0,0.012345679012345678,0.07407407407407407,0.2839506172839506,Mariners
2019,137,6479.0,7302.0,0.47014004789202524,0.5,566223.7839506173,4.5246913580246915,8.895061728395062,4.185185185185185,1.8518518518518519,0.16049382716049382,1.0308641975308641,8.858024691358025,2.932098765432099,0.0,8.222222222222221,0.30864197530864196,34.43827160493827,0.1728395061728395,0.29012345679012347,0.0,0.0,38.24691358024691,13.487654320987655,4.04320987654321,14.098765432098766,0.14814814814814814,0.25925925925925924,0.0,0.05555555555555555,0.0,0.0,4.771604938271605,0.0,0.0,1.4012345679012346,8.444444444444445,3.2037037037037037,0.0,8.61111111111111,0.4012345679012346,34.54938271604938,0.0,0.0,9.06358024691358,4.41358024691358,38.77777777777778,27.203703703703702,0.4012345679012346,0.0,0.0,0.04938271604938271,4.574074074074074,0.0,0.0,0.006172839506172839,0.25308641975308643,0.2037037037037037,Giants
2019,138,7516.0,6467.0,0.5375098333690911,0.49707602339181284,568122.1345029239,4.450292397660819,8.269005847953217,4.654970760233918,1.5497076023391814,0.14619883040935672,1.2573099415204678,8.859649122807017,3.415204678362573,0.0,8.163742690058479,0.4678362573099415,33.60818713450293,0.17543859649122806,0.7017543859649122,0.0,0.0,38.11695906432749,13.777777777777779,4.350877192982456,13.941520467836257,0.24561403508771928,0.23976608187134502,0.011695906432748537,0.05847953216374269,0.0,0.0,4.087719298245614,0.0,0.0,1.1578947368421053,8.707602339181287,3.345029239766082,0.0,7.947368421052632,0.42105263157894735,33.292397660818715,0.0,0.0,8.898245614035087,3.736842105263158,37.748538011695906,26.719298245614034,0.42105263157894735,0.0,0.0,0.029239766081871343,3.9649122807017543,0.0,0.0,0.0,0.17543859649122806,0.23391812865497075,Cardinals
2019,139,8130.0,5896.0,0.5796378154855268,0.49404761904761907,567594.0833333334,4.113095238095238,8.755952380952381,4.714285714285714,1.7678571428571428,0.17261904761904762,1.3571428571428572,9.291666666666666,3.3273809523809526,0.0,8.761904761904763,0.44642857142857145,34.660714285714285,0.2261904761904762,0.5654761904761905,0.0,0.0,38.80952380952381,14.946428571428571,4.482142857142857,14.845238095238095,0.047619047619047616,0.20833333333333334,0.0,0.11904761904761904,0.0,0.0,4.023809523809524,0.0,0.0,1.1130952380952381,10.011904761904763,2.7857142857142856,0.0,7.869047619047619,0.35714285714285715,34.101190476190474,0.0,0.0,9.073809523809524,3.6547619047619047,37.660714285714285,27.238095238095237,0.35714285714285715,0.0,0.0,0.041666666666666664,3.7857142857142856,0.0,0.0,0.017857142857142856,0.06547619047619048,0.17261904761904762,Rays
2019,140,7018.0,7015.0,0.5001068909000214,0.5,566387.4012345679,4.055555555555555,8.185185185185185,5.0,1.8271604938271604,0.14814814814814814,1.376543209876543,9.74074074074074,3.2962962962962963,0.0,8.481481481481481,0.41358024691358025,34.19753086419753,0.2345679012345679,0.808641975308642,0.0,0.0,38.41975308641975,14.734567901234568,4.722222222222222,13.925925925925926,0.10493827160493827,0.2716049382716049,0.012345679012345678,0.07407407407407407,0.0,0.0,5.419753086419753,0.0,0.0,1.4876543209876543,8.512345679012345,3.5987654320987654,0.0,9.351851851851851,0.43209876543209874,34.74691358024691,0.0,0.0,8.86358024691358,4.987654320987654,39.29012345679013,26.62962962962963,0.43209876543209874,0.0,0.0,0.06790123456790123,5.179012345679013,0.0,0.0,0.018518518518518517,0.11728395061728394,0.30864197530864196,Rangers
2019,141,5387.0,8300.0,0.39358515379557246,0.5,566494.6172839506,4.438271604938271,7.882716049382716,4.481481481481482,1.6666666666666667,0.12962962962962962,1.5246913580246915,9.345679012345679,3.1419753086419755,0.0,8.018518518518519,0.2777777777777778,33.907407407407405,0.12345679012345678,0.3148148148148148,0.0,0.0,37.67283950617284,14.518518518518519,4.302469135802469,13.419753086419753,0.08641975308641975,0.1728395061728395,0.012345679012345678,0.04938271604938271,0.0,0.0,5.111111111111111,0.0,0.0,1.4074074074074074,8.222222222222221,3.728395061728395,0.0,8.950617283950617,0.42592592592592593,34.50617283950617,0.0,0.0,8.876543209876543,4.734567901234568,39.123456790123456,26.67283950617284,0.42592592592592593,0.0,0.0,0.07407407407407407,4.907407407407407,0.0,0.0,0.018518518518518517,0.06790123456790123,0.2222222222222222,Blue Jays
2019,142,8699.0,5236.0,0.6242554718335127,0.49696969696969695,567193.8727272727,4.787878787878788,8.133333333333333,5.733333333333333,1.9636363636363636,0.1393939393939394,1.8848484848484848,8.296969696969697,3.2484848484848485,0.0,9.50909090909091,0.49696969696969695,35.35151515151515,0.12727272727272726,0.17575757575757575,0.0,0.0,39.56969696969697,17.406060606060606,5.533333333333333,14.345454545454546,0.06060606060606061,0.24848484848484848,0.01818181818181818,0.048484848484848485,0.0,0.0,4.709090909090909,0.0,0.0,1.2303030303030302,9.030303030303031,2.8424242424242423,0.0,9.0,0.38181818181818183,34.96969696969697,0.0,0.0,9.018787878787878,4.248484848484848,38.64242424242424,27.060606060606062,0.38181818181818183,0.0,0.0,0.06666666666666667,4.442424242424242,0.0,0.0,0.01818181818181818,0.12121212121212122,0.24848484848484848,Twins
2019,143,7323.0,6570.0,0.5270999784063917,0.5,566645.8950617284,4.135802469135802,8.54320987654321,4.777777777777778,1.9197530864197532,0.16049382716049382,1.3271604938271604,8.969135802469136,3.4691358024691357,0.0,8.450617283950617,0.35185185185185186,34.388888888888886,0.1111111111111111,0.48148148148148145,0.0,0.0,38.95679012345679,14.67283950617284,4.580246913580247,14.302469135802468,0.20987654320987653,0.20987654320987653,0.018518518518518517,0.012345679012345678,0.0,0.0,4.901234567901234,0.0,0.0,1.5925925925925926,8.592592592592593,3.3703703703703702,0.0,8.962962962962964,0.4382716049382716,34.388888888888886,0.0,0.0,8.961728395061728,4.512345679012346,38.96296296296296,26.919753086419753,0.4382716049382716,0.0,0.0,0.06790123456790123,4.679012345679013,0.0,0.0,0.0,0.2839506172839506,0.24691358024691357,Phillies
2019,144,8023.0,5877.0,0.5771942446043166,0.5029940119760479,567732.5449101797,4.407185628742515,8.125748502994012,5.221556886227545,1.718562874251497,0.17964071856287425,1.5209580838323353,9.059880239520957,3.802395209580838,0.0,8.802395209580839,0.3772455089820359,34.30538922155689,0.17964071856287425,0.5389221556886228,0.0,0.0,39.137724550898206,15.44311377245509,5.029940119760479,14.437125748502995,0.1497005988023952,0.2155688622754491,0.017964071856287425,0.0718562874251497,0.0,0.0,4.604790419161676,0.0,0.0,1.2395209580838322,8.622754491017965,3.377245508982036,0.0,8.77245508982036,0.41916167664670656,34.32335329341317,0.0,0.0,8.946107784431138,4.179640718562874,38.778443113772454,26.880239520958085,0.41916167664670656,0.0,0.0,0.05389221556886228,4.431137724550898,0.0,0.0,0.017964071856287425,0.24550898203592814,0.17365269461077845,Braves
2019,145,6496.0,7775.0,0.45518884450984515,0.4968944099378882,566658.1677018633,3.6645962732919255,8.546583850931677,4.39751552795031,1.6149068322981366,0.12422360248447205,1.1304347826086956,9.621118012422361,2.347826086956522,0.0,8.962732919254659,0.40993788819875776,34.3416149068323,0.17391304347826086,0.391304347826087,0.0,0.0,37.61490683229814,14.217391304347826,4.198757763975156,14.26086956521739,0.2236024844720497,0.19875776397515527,0.006211180124223602,0.07453416149068323,0.0,0.0,5.167701863354037,0.0,0.0,1.4782608695652173,8.149068322981366,3.6149068322981366,0.0,8.93167701863354,0.3167701863354037,33.95031055900621,0.0,0.0,8.762732919254658,4.77639751552795,38.43478260869565,26.322981366459626,0.3167701863354037,0.0,0.0,0.031055900621118012,4.944099378881988,0.0,0.0,0.012422360248447204,0.12422360248447205,0.2360248447204969,White Sox
2019,146,4952.0,8818.0,0.35962236746550474,0.5,566845.0555555555,4.030864197530864,9.493827160493828,3.7962962962962963,1.6358024691358024,0.1111111111111111,0.9012345679012346,9.067901234567902,2.4382716049382718,0.0,8.185185185185185,0.4506172839506173,34.02469135802469,0.18518518518518517,0.3395061728395062,0.0,0.0,37.41975308641975,12.746913580246913,3.6604938271604937,13.296296296296296,0.19135802469135801,0.2037037037037037,0.006172839506172839,0.04938271604938271,0.0,0.0,4.987654320987654,0.0,0.0,1.4567901234567902,8.506172839506172,3.7962962962962963,0.0,8.271604938271604,0.5555555555555556,33.78395061728395,0.0,0.0,8.896913580246913,4.691358024691358,38.882716049382715,26.746913580246915,0.5555555555555556,0.0,0.0,0.030864197530864196,4.783950617283951,0.0,0.0,0.006172839506172839,0.17901234567901234,0.24074074074074073,Marlins
2019,147,9204.0,5096.0,0.6436363636363637,0.5029239766081871,568446.9532163743,4.309941520467836,8.0,5.771929824561403,1.7719298245614035,0.09941520467836257,1.8771929824561404,8.935672514619883,3.5555555555555554,0.0,9.157894736842104,0.2982456140350877,34.432748538011694,0.1286549707602339,0.36257309941520466,0.0,0.0,38.67251461988304,16.760233918128655,5.5321637426900585,13.76608187134503,0.05847953216374269,0.19883040935672514,0.011695906432748537,0.05847953216374269,0.0,0.0,4.491228070175438,0.0,0.0,1.5204678362573099,9.491228070175438,3.1871345029239766,0.0,8.374269005847953,0.27485380116959063,34.134502923976605,0.0,0.0,8.905263157894737,4.192982456140351,37.953216374269005,26.748538011695906,0.27485380116959063,0.0,0.0,0.029239766081871343,4.309941520467836,0.0,0.0,0.023391812865497075,0.04093567251461988,0.21637426900584794,Yankees
2019,158,7353.0,6432.0,0.5334058759521219,0.49693251533742333,566996.3190184049,4.190184049079755,8.325153374233128,4.736196319018405,1.7239263803680982,0.10429447852760736,1.5460122699386503,9.656441717791411,3.8773006134969323,0.0,8.423312883435583,0.44171779141104295,34.19631901840491,0.15337423312883436,0.6196319018404908,0.0,0.0,39.22699386503067,14.993865030674847,4.58282208588957,15.030674846625766,0.12883435582822086,0.2331288343558282,0.049079754601226995,0.03680981595092025,0.0,0.0,4.723926380368098,0.0,0.0,1.3865030674846626,9.226993865030675,3.503067484662577,0.0,8.39877300613497,0.37423312883435583,34.17791411042945,0.0,0.0,8.99631901840491,4.392638036809816,38.71165644171779,27.006134969325153,0.37423312883435583,0.0,0.0,0.024539877300613498,4.558282208588957,0.0,0.0,0.012269938650306749,0.26380368098159507,0.2085889570552147,Brewers
2019,159,1.0,0.0,1.0,1.0,567633.0,4.0,10.0,4.0,2.0,0.0,1.0,7.0,1.0,0.0,8.0,0.0,30.0,0.0,0.0,0.0,0.0,31.0,13.0,3.0,11.0,0.0,0.0,0.0,0.0,0.0,0.0,3.0,0.0,0.0,1.0,16.0,3.0,0.0,5.0,0.0,32.0,0.0,0.0,9.0,3.0,35.0,27.0,0.0,0.0,0.0,0.0,3.0,0.0,0.0,0.0,0.0,0.0,
2019,160,0.0,1.0,0.0,0.0,567633.0,4.0,4.0,3.0,1.0,0.0,1.0,16.0,3.0,0.0,5.0,0.0,32.0,0.0,2.0,0.0,0.0,35.0,9.0,3.0,14.0,0.0,0.0,0.0,0.0,0.0,0.0,4.0,0.0,0.0,1.0,7.0,1.0,0.0,8.0,0.0,30.0,0.0,0.0,8.0,4.0,31.0,24.0,0.0,0.0,0.0,0.0,3.0,0.0,0.0,0.0,0.0,0.0,
2020,108,728.0,1188.0,0.37995824634655534,0.5,631277.9166666666,4.416666666666667,8.533333333333333,4.9,1.6166666666666667,0.13333333333333333,1.4166666666666667,8.166666666666666,3.9833333333333334,0.0,8.333333333333334,0.4166666666666667,33.666666666666664,0.13333333333333333,0.35,0.0,0.0,38.46666666666667,14.466666666666667,4.75,15.616666666666667,0.1,0.3,0.0,0.016666666666666666,0.0,0.0,5.35,0.0,0.0,1.3666666666666667,8.716666666666667,3.316666666666667,0.0,8.216666666666667,0.35,33.516666666666666,0.0,0.0,8.74,4.95,37.6,26.266666666666666,0.35,0.0,0.0,0.08333333333333333,5.066666666666666,0.0,0.0,0.016666666666666666,0.05,0.35,Angels
2020,109,748.0,1147.0,0.39472295514511874,0.5,630691.3333333334,4.45,8.833333333333334,4.483333333333333,1.6833333333333333,0.2,0.9666666666666667,7.683333333333334,3.0166666666666666,0.0,8.033333333333333,0.6,33.28333333333333,0.11666666666666667,0.38333333333333336,0.0,0.0,37.3,13.016666666666667,4.25,14.2,0.016666666666666666,0.38333333333333336,0.0,0.06666666666666667,0.0,0.0,4.916666666666667,0.0,0.0,1.55,8.733333333333333,3.9166666666666665,0.0,8.45,0.38333333333333336,33.38333333333333,0.0,0.0,8.635,4.666666666666667,37.983333333333334,25.916666666666668,0.38333333333333336,0.0,0.0,0.06666666666666667,4.716666666666667,0.0,0.0,0.016666666666666666,0.06666666666666667,0.21666666666666667,D-backs
2020,110,914.0,1067.0,0.46138313982836954,0.5,631246.1,3.816666666666667,8.0,4.566666666666666,1.7,0.11666666666666667,1.2833333333333334,8.566666666666666,2.7333333333333334,0.0,8.766666666666667,0.45,33.766666666666666,0.23333333333333334,0.31666666666666665,0.0,0.0,37.36666666666667,14.55,4.433333333333334,14.666666666666666,0.25,0.16666666666666666,0.0,0.03333333333333333,0.0,0.0,4.9,0.0,0.0,1.3166666666666667,8.116666666666667,3.2,0.0,8.166666666666666,0.5666666666666667,33.18333333333333,0.0,0.0,8.625,4.35,37.43333333333333,25.933333333333334,0.5666666666666667,0.0,0.0,0.05,4.65,0.0,0.0,0.03333333333333333,0.06666666666666667,0.38333333333333336,Orioles
2020,111,661.0,1240.0,0.34771173066806943,0.5,631387.55,4.05,8.616666666666667,4.866666666666666,1.9666666666666666,0.11666666666666667,1.35,9.083333333333334,3.1166666666666667,0.0,9.216666666666667,0.35,34.71666666666667,0.15,0.5166666666666667,0.0,0.0,38.4,15.466666666666667,4.633333333333334,15.716666666666667,0.06666666666666667,0.15,0.0,0.03333333333333333,0.0,0.0,5.85,0.0,0.0,1.6333333333333333,8.95,4.2,0.0,9.783333333333333,0.5166666666666667,34.85,0.0,0.0,8.721666666666666,5.416666666666667,39.81666666666667,26.2,0.5166666666666667,0.0,0.0,0.05,5.616666666666666,0.0,0.0,0.0,0.08333333333333333,0.16666666666666666,Red Sox
2020,112,1174.0,771.0,0.603598971722365,0.5161290322580645,631629.3387096775,3.6451612903225805,8.17741935483871,4.290322580645161,1.3387096774193548,0.12903225806451613,1.2096774193548387,9.419354838709678,3.774193548387097,0.0,6.951612903225806,0.9032258064516129,31.93548387096774,0.16129032258064516,0.3870967741935484,0.0,0.0,36.854838709677416,12.17741935483871,4.016129032258065,14.338709677419354,0.016129032258064516,0.20967741935483872,0.016129032258064516,0.016129032258064516,0.0,0.0,3.9838709677419355,0.0,0.0,1.2419354838709677,8.709677419354838,3.064516129032258,0.0,7.483870967741935,0.3225806451612903,32.306451612903224,0.0,0.0,8.635483870967741,3.838709677419355,35.935483870967744,25.951612903225808,0.3225806451612903,0.0,0.0,0.0967741935483871,3.838709677419355,0.0,0.0,0.016129032258064516,0.04838709677419355,0.1774193548387097,Cubs
2020,113,897.0,1070.0,0.4560244026436197,0.4838709677419355,631576.9032258064,4.370967741935484,7.516129032258065,3.9193548387096775,1.2419354838709677,0.04838709677419355,1.4516129032258065,9.064516129032258,3.935483870967742,0.0,6.483870967741935,0.5483870967741935,30.951612903225808,0.16129032258064516,0.46774193548387094,0.0,0.0,35.58064516129032,12.17741935483871,3.8225806451612905,12.548387096774194,0.0,0.11290322580645161,0.03225806451612903,0.08064516129032258,0.0,0.0,4.016129032258065,0.0,0.0,1.1129032258064515,10.483870967741936,3.5161290322580645,0.0,6.741935483870968,0.5,31.35483870967742,0.0,0.0,8.441935483870967,3.596774193548387,35.62903225806452,25.370967741935484,0.5,0.0,0.0,0.0,3.7903225806451615,0.0,0.0,0.0,0.03225806451612903,0.22580645161290322,Reds
2020,114,1089.0,790.0,0.5795635976583289,0.5161290322580645,631599.0322580645,3.8870967741935485,8.419354838709678,4.193548387096774,1.6935483870967742,0.08064516129032258,0.967741935483871,8.741935483870968,3.9838709677419355,0.0,7.467741935483871,0.4032258064516129,32.74193548387097,0.16129032258064516,0.4032258064516129,0.0,0.0,37.53225806451613,12.225806451612904,3.967741935483871,14.580645161290322,0.11290322580645161,0.25806451612903225,0.03225806451612903,0.12903225806451613,0.0,0.0,3.725806451612903,0.0,0.0,1.2096774193548387,10.387096774193548,2.774193548387097,0.0,7.467741935483871,0.43548387096774194,33.0,0.0,0.0,8.924193548387096,3.5161290322580645,36.596774193548384,26.806451612903224,0.43548387096774194,0.0,0.0,0.06451612903225806,3.629032258064516,0.0,0.0,0.06451612903225806,0.06451612903225806,0.25806451612903225,Indians
2020,115,946.0,948.0,0.49947201689545934,0.5,631230.55,4.383333333333334,8.1,4.583333333333333,1.4,0.26666666666666666,1.05,9.05,2.683333333333333,0.0,8.783333333333333,0.16666666666666666,34.28333333333333,0.15,0.7,0.0,0.0,37.61666666666667,13.866666666666667,4.366666666666666,14.35,0.11666666666666667,0.31666666666666665,0.05,0.06666666666666667,0.0,0.0,5.883333333333334,0.0,0.0,1.3833333333333333,6.55,3.4166666666666665,0.0,9.65,0.6666666666666666,34.45,0.0,0.0,8.768333333333334,5.45,38.916666666666664,26.316666666666666,0.6666666666666666,0.0,0.0,0.016666666666666666,5.55,0.0,0.0,0.0,0.06666666666666667,0.31666666666666665,Rockies
2020,116,877.0,1048.0,0.4555844155844156,0.4827586206896552,631413.8793103448,3.4827586206896552,7.551724137931035,4.293103448275862,1.3448275862068966,0.20689655172413793,1.0689655172413792,9.775862068965518,2.5344827586206895,0.0,7.982758620689655,0.3275862068965517,32.63793103448276,0.10344827586206896,0.3275862068965517,0.0,0.0,35.793103448275865,12.948275862068966,4.172413793103448,13.172413793103448,0.017241379310344827,0.2413793103448276,0.034482758620689655,0.05172413793103448,0.0,0.0,5.482758620689655,0.0,0.0,1.5689655172413792,7.655172413793103,3.310344827586207,0.0,8.793103448275861,0.5862068965517241,33.224137931034484,0.0,0.0,8.472413793103447,5.310344827586207,37.48275862068966,25.46551724137931,0.5862068965517241,0.0,0.0,0.034482758620689655,5.379310344827586,0.0,0.0,0.017241379310344827,0.08620689655172414,0.25862068965517243,Tigers
2020,117,1039.0,966.0,0.5182044887780549,0.4794520547945205,632090.9726027397,4.780821917808219,8.520547945205479,4.671232876712328,1.5342465753424657,0.1643835616438356,1.2465753424657535,7.328767123287672,3.287671232876712,0.0,8.178082191780822,0.4246575342465753,33.273972602739725,0.1917808219178082,0.3150684931506849,0.0,0.0,37.342465753424655,13.780821917808218,4.506849315068493,14.821917808219178,0.0958904109589041,0.2054794520547945,0.0547945205479452,0.0684931506849315,0.0,0.0,4.424657534246576,0.0,0.0,1.273972602739726,8.945205479452055,3.589041095890411,0.0,7.671232876712328,0.5068493150684932,32.657534246575345,0.0,0.0,8.710958904109589,4.054794520547945,37.10958904109589,26.21917808219178,0.5068493150684932,0.0,0.0,0.0410958904109589,4.273972602739726,0.0,0.0,0.0,0.1232876712328767,0.2328767123287671,Astros
2020,118,759.0,1173.0,0.39285714285714285,0.5,631413.2166666667,3.533333333333333,8.7,4.133333333333334,1.6166666666666667,0.11666666666666667,1.1333333333333333,8.783333333333333,2.8666666666666667,0.0,8.116666666666667,0.3,33.13333333333333,0.3333333333333333,0.8166666666666667,0.0,0.0,36.666666666666664,13.366666666666667,3.966666666666667,13.9,0.13333333333333333,0.16666666666666666,0.06666666666666667,0.08333333333333333,0.0,0.0,4.533333333333333,0.0,0.0,1.2666666666666666,8.616666666666667,3.5166666666666666,0.0,8.316666666666666,0.48333333333333334,32.85,0.0,0.0,8.604999999999999,4.116666666666666,37.21666666666667,25.85,0.48333333333333334,0.0,0.0,0.05,4.316666666666666,0.0,0.0,0.0,0.06666666666666667,0.3,Royals
2020,119,1383.0,593.0,0.6998987854251012,0.5256410256410257,632247.9743589744,5.217948717948718,7.705128205128205,5.769230769230769,1.6666666666666667,0.10256410256410256,1.8974358974358974,8.179487179487179,3.9871794871794872,0.0,8.679487179487179,0.47435897435897434,33.91025641025641,0.11538461538461539,0.5,0.0,0.0,38.62820512820513,16.243589743589745,5.435897435897436,14.115384615384615,0.038461538461538464,0.20512820512820512,0.01282051282051282,0.05128205128205128,0.0,0.0,3.576923076923077,0.0,0.0,1.1153846153846154,9.102564102564102,2.58974358974359,0.0,7.076923076923077,0.3076923076923077,33.1025641025641,0.0,0.0,8.953846153846154,3.08974358974359,36.26923076923077,26.897435897435898,0.3076923076923077,0.0,0.0,0.0641025641025641,3.3974358974358974,0.0,0.0,0.0,0.07692307692307693,0.19230769230769232,Dodgers
2020,120,784.0,1212.0,0.3927855711422846,0.5,630976.7833333333,4.016666666666667,8.7,4.883333333333334,1.8666666666666667,0.2,1.1,7.516666666666667,3.2,0.0,8.666666666666666,0.5333333333333333,32.8,0.2,0.55,0.0,0.0,36.96666666666667,14.233333333333333,4.65,14.5,0.08333333333333333,0.35,0.0,0.05,0.0,0.0,5.016666666666667,0.0,0.0,1.5666666666666667,8.466666666666667,3.6,0.0,9.166666666666666,0.36666666666666664,33.75,0.0,0.0,8.375,4.766666666666667,37.88333333333333,25.183333333333334,0.36666666666666664,0.0,0.0,0.03333333333333333,4.85,0.0,0.0,0.0,0.05,0.11666666666666667,Nationals
2020,121,904.0,1135.0,0.44335458558116725,0.5,631137.0666666667,3.4833333333333334,9.016666666666667,4.766666666666667,1.7666666666666666,0.11666666666666667,1.4333333333333333,8.3,3.283333333333333,0.0,9.183333333333334,0.75,33.71666666666667,0.16666666666666666,0.3333333333333333,0.0,0.0,37.983333333333334,15.483333333333333,4.633333333333334,16.516666666666666,0.016666666666666666,0.21666666666666667,0.0,0.08333333333333333,0.0,0.0,5.133333333333334,0.0,0.0,1.35,9.566666666666666,3.65,0.0,8.533333333333333,0.48333333333333334,33.36666666666667,0.0,0.0,8.54,4.733333333333333,37.7,25.666666666666668,0.48333333333333334,0.0,0.0,0.06666666666666667,4.9,0.0,0.0,0.0,0.06666666666666667,0.13333333333333333,Mets
2020,133,1312.0,745.0,0.6378220709771512,0.5223880597014925,631630.6417910447,4.447761194029851,7.029850746268656,4.597014925373134,1.4477611940298507,0.16417910447761194,1.2835820895522387,8.626865671641792,3.8805970149253732,0.0,7.223880597014926,0.6119402985074627,31.865671641791046,0.04477611940298507,0.3880597014925373,0.0,0.0,36.656716417910445,12.850746268656716,4.417910447761194,14.552238805970148,0.029850746268656716,0.2537313432835821,0.014925373134328358,0.04477611940298507,0.0,0.0,4.119402985074627,0.0,0.0,1.2835820895522387,8.402985074626866,2.716417910447761,0.0,8.164179104477611,0.31343283582089554,33.11940298507463,0.0,0.0,8.613432835820896,3.791044776119403,36.47761194029851,25.850746268656717,0.31343283582089554,0.0,0.0,0.07462686567164178,3.9402985074626864,0.0,0.0,0.029850746268656716,0.05970149253731343,0.23880597014925373,Athletics
2020,134,562.0,1393.0,0.28746803069053706,0.5,631246.6333333333,4.066666666666666,8.7,3.65,1.2666666666666666,0.1,0.9833333333333333,8.683333333333334,2.783333333333333,0.0,7.083333333333333,0.18333333333333332,32.2,0.18333333333333332,0.26666666666666666,0.0,0.0,35.56666666666667,11.5,3.4833333333333334,12.916666666666666,0.11666666666666667,0.25,0.03333333333333333,0.08333333333333333,0.0,0.0,4.966666666666667,0.0,0.0,1.3333333333333333,8.933333333333334,4.15,0.0,7.5,0.6166666666666667,31.966666666666665,0.0,0.0,8.526666666666667,4.433333333333334,37.11666666666667,25.65,0.6166666666666667,0.0,0.0,0.08333333333333333,4.7,0.0,0.0,0.05,0.03333333333333333,0.3,Pirates
2020,135,1203.0,801.0,0.6002994011976048,0.5151515151515151,631537.2424242424,3.772727272727273,8.833333333333334,5.348484848484849,1.6818181818181819,0.19696969696969696,1.5606060606060606,8.121212121212121,3.4545454545454546,0.0,8.409090909090908,0.4696969696969697,32.92424242424242,0.22727272727272727,0.8939393939393939,0.0,0.0,37.303030303030305,15.166666666666666,5.136363636363637,13.787878787878787,0.18181818181818182,0.25757575757575757,0.015151515151515152,0.13636363636363635,0.0,0.0,4.242424242424242,0.0,0.0,1.121212121212121,9.303030303030303,3.0606060606060606,0.0,7.757575757575758,0.4393939393939394,32.74242424242424,0.0,0.0,8.668181818181818,3.893939393939394,36.56060606060606,26.015151515151516,0.4393939393939394,0.0,0.0,0.045454545454545456,4.0606060606060606,0.0,0.0,0.0,0.045454545454545456,0.2727272727272727,Padres
2020,136,836.0,1196.0,0.41141732283464566,0.5,631101.6666666666,4.0,7.916666666666667,4.233333333333333,1.4666666666666666,0.08333333333333333,1.0,9.083333333333334,3.45,0.0,7.25,0.5,32.15,0.26666666666666666,0.8333333333333334,0.0,0.0,36.35,11.883333333333333,4.066666666666666,13.55,0.05,0.2,0.0,0.11666666666666667,0.0,0.0,5.05,0.0,0.0,1.3166666666666667,7.816666666666666,3.8333333333333335,0.0,8.016666666666667,0.6166666666666667,32.766666666666666,0.0,0.0,8.591666666666667,4.8,37.483333333333334,25.833333333333332,0.6166666666666667,0.0,0.0,0.08333333333333333,4.866666666666666,0.0,0.0,0.016666666666666666,0.0,0.25,Mariners
2020,137,991.0,1094.0,0.4752997601918465,0.5,631113.7166666667,4.383333333333334,7.95,4.983333333333333,1.7833333333333334,0.23333333333333334,1.35,8.316666666666666,3.25,0.0,8.866666666666667,0.45,33.65,0.13333333333333333,0.3,0.0,0.0,37.65,15.166666666666666,4.833333333333333,15.65,0.06666666666666667,0.21666666666666667,0.016666666666666666,0.03333333333333333,0.0,0.0,4.95,0.0,0.0,1.15,8.133333333333333,3.5,0.0,7.9,0.5666666666666667,32.8,0.0,0.0,8.620000000000001,4.466666666666667,37.333333333333336,25.883333333333333,0.5666666666666667,0.0,0.0,0.15,4.75,0.0,0.0,0.06666666666666667,0.08333333333333333,0.31666666666666665,Giants
2020,138,917.0,910.0,0.5019157088122606,0.4918032786885246,631421.0983606557,3.918032786885246,7.573770491803279,4.19672131147541,1.3278688524590163,0.11475409836065574,0.8852459016393442,8.262295081967213,3.557377049180328,0.0,7.163934426229508,0.6065573770491803,30.475409836065573,0.16393442622950818,0.3114754098360656,0.0,0.0,35.032786885245905,11.37704918032787,4.049180327868853,13.868852459016393,0.06557377049180328,0.3114754098360656,0.01639344262295082,0.01639344262295082,0.0,0.0,4.065573770491803,0.0,0.0,1.2295081967213115,8.032786885245901,3.5737704918032787,0.0,6.672131147540983,0.45901639344262296,30.18032786885246,0.0,0.0,8.152459016393443,3.639344262295082,34.59016393442623,24.491803278688526,0.45901639344262296,0.0,0.0,0.0,3.918032786885246,0.0,0.0,0.04918032786885246,0.04918032786885246,0.2786885245901639,Cardinals
2020,139,1226.0,703.0,0.6355624675997926,0.525,632269.5,3.4625,7.775,4.6,1.525,0.175,1.425,10.35,3.825,0.0,7.5625,0.45,32.675,0.175,0.65,0.0,0.0,37.175,13.7125,4.3875,13.8625,0.0125,0.2,0.0125,0.0375,0.0,0.0,3.875,0.0,0.0,1.2875,9.2375,3.075,0.0,7.975,0.4375,33.225,0.0,0.0,8.778749999999999,3.575,37.075,26.3625,0.4375,0.0,0.0,0.05,3.7,0.0,0.0,0.0125,0.1375,0.1875,Rays
2020,140,707.0,1196.0,0.371518654755649,0.5,631049.0166666667,4.0,8.15,3.716666666666667,1.3333333333333333,0.15,1.0333333333333334,9.133333333333333,2.783333333333333,0.0,7.016666666666667,0.4,32.266666666666666,0.23333333333333334,0.8166666666666667,0.0,0.0,35.78333333333333,11.75,3.4,12.283333333333333,0.03333333333333333,0.3,0.0,0.08333333333333333,0.0,0.0,5.2,0.0,0.0,1.35,8.15,3.933333333333333,0.0,8.0,0.5,33.016666666666666,0.0,0.0,8.603333333333333,4.8,37.88333333333333,25.833333333333332,0.5,0.0,0.0,0.016666666666666666,4.966666666666667,0.0,0.0,0.016666666666666666,0.13333333333333333,0.2833333333333333,Rangers
2020,141,1004.0,917.0,0.5226444560124935,0.4838709677419355,631189.2580645161,4.290322580645161,8.451612903225806,4.919354838709677,1.7096774193548387,0.06451612903225806,1.4516129032258065,8.564516129032258,3.3225806451612905,0.0,8.516129032258064,0.20967741935483872,33.66129032258065,0.0967741935483871,0.5483870967741935,0.0,0.0,37.61290322580645,14.709677419354838,4.67741935483871,13.774193548387096,0.12903225806451613,0.24193548387096775,0.04838709677419355,0.08064516129032258,0.0,0.0,5.209677419354839,0.0,0.0,1.3548387096774193,8.693548387096774,4.112903225806452,0.0,8.612903225806452,0.22580645161290322,33.70967741935484,0.0,0.0,8.701612903225806,4.467741935483871,38.33870967741935,26.161290322580644,0.22580645161290322,0.0,0.0,0.06451612903225806,4.919354838709677,0.0,0.0,0.0,0.0967741935483871,0.1935483870967742,Blue Jays
2020,142,1212.0,752.0,0.6171079429735234,0.5161290322580645,631485.5806451613,4.419354838709677,7.290322580645161,4.370967741935484,1.3225806451612903,0.04838709677419355,1.467741935483871,8.741935483870968,3.161290322580645,0.0,7.661290322580645,0.46774193548387094,32.193548387096776,0.12903225806451613,0.24193548387096775,0.0,0.0,36.08064516129032,13.483870967741936,4.193548387096774,13.016129032258064,0.03225806451612903,0.22580645161290322,0.0,0.06451612903225806,0.0,0.0,3.5806451612903225,0.0,0.0,1.0161290322580645,8.838709677419354,2.870967741935484,0.0,7.435483870967742,0.3387096774193548,32.16129032258065,0.0,0.0,8.566129032258065,3.3548387096774195,35.564516129032256,25.70967741935484,0.3387096774193548,0.0,0.0,0.12903225806451613,3.4838709677419355,0.0,0.0,0.04838709677419355,0.016129032258064516,0.12903225806451613,Twins
2020,143,961.0,981.0,0.49485066941297634,0.5,631093.7666666667,4.2,7.9,5.1,1.5,0.16666666666666666,1.3666666666666667,8.0,3.816666666666667,0.0,8.333333333333334,0.4666666666666667,32.46666666666667,0.13333333333333333,0.5833333333333334,0.0,0.0,37.05,14.266666666666667,4.783333333333333,14.85,0.13333333333333333,0.16666666666666666,0.0,0.05,0.0,0.0,5.183333333333334,0.0,0.0,1.3333333333333333,8.866666666666667,3.0833333333333335,0.0,9.15,0.4666666666666667,32.85,0.0,0.0,8.26,4.733333333333333,36.61666666666667,24.85,0.4666666666666667,0.0,0.0,0.08333333333333333,4.933333333333334,0.0,0.0,0.0,0.06666666666666667,0.15,Phillies
2020,144,1162.0,813.0,0.5883544303797469,0.5138888888888888,631672.7916666666,4.263888888888889,7.402777777777778,5.625,2.0972222222222223,0.06944444444444445,1.6527777777777777,9.722222222222221,3.9166666666666665,0.0,9.083333333333334,0.3888888888888889,34.56944444444444,0.05555555555555555,0.4166666666666667,0.0,0.0,39.02777777777778,16.27777777777778,5.472222222222222,16.23611111111111,0.013888888888888888,0.1388888888888889,0.0,0.06944444444444445,0.0,0.0,4.611111111111111,0.0,0.0,1.1944444444444444,8.777777777777779,3.611111111111111,0.0,8.125,0.5555555555555556,33.56944444444444,0.0,0.0,8.797222222222222,4.152777777777778,38.06944444444444,26.430555555555557,0.5555555555555556,0.0,0.0,0.05555555555555555,4.444444444444445,0.0,0.0,0.0,0.08333333333333333,0.25,Braves
2020,145,1151.0,764.0,0.6010443864229765,0.47619047619047616,631683.1428571428,3.507936507936508,8.285714285714286,5.031746031746032,1.5873015873015872,0.09523809523809523,1.6031746031746033,9.523809523809524,2.9365079365079363,0.0,8.952380952380953,0.3968253968253968,34.26984126984127,0.12698412698412698,0.3333333333333333,0.0,0.0,37.87301587301587,15.53968253968254,4.841269841269841,14.523809523809524,0.015873015873015872,0.20634920634920634,0.047619047619047616,0.047619047619047616,0.0,0.0,4.095238095238095,0.0,0.0,1.1746031746031746,8.65079365079365,3.619047619047619,0.0,7.396825396825397,0.36507936507936506,32.904761904761905,0.0,0.0,8.75079365079365,3.6666666666666665,37.142857142857146,26.285714285714285,0.36507936507936506,0.0,0.0,0.047619047619047616,3.8095238095238093,0.0,0.0,0.06349206349206349,0.07936507936507936,0.1111111111111111,White Sox
2020,146,1044.0,916.0,0.5326530612244897,0.47692307692307695,631495.0461538462,3.4461538461538463,8.523076923076923,4.230769230769231,1.3692307692307693,0.07692307692307693,0.9846153846153847,9.0,3.123076923076923,0.0,7.7384615384615385,0.47692307692307695,32.292307692307695,0.2153846153846154,0.8153846153846154,0.0,0.0,36.13846153846154,12.215384615384615,3.9846153846153847,14.2,0.09230769230769231,0.13846153846153847,0.015384615384615385,0.12307692307692308,0.0,0.0,4.969230769230769,0.0,0.0,1.353846153846154,7.615384615384615,3.723076923076923,0.0,8.338461538461539,0.47692307692307695,32.36923076923077,0.0,0.0,8.404615384615385,4.461538461538462,36.90769230769231,25.246153846153845,0.47692307692307695,0.0,0.0,0.046153846153846156,4.769230769230769,0.0,0.0,0.0,0.06153846153846154,0.27692307692307694,Marlins
2020,147,1216.0,842.0,0.5908649173955296,0.47761194029850745,631611.9850746269,3.8656716417910446,8.522388059701493,5.388059701492537,1.3880597014925373,0.11940298507462686,1.6567164179104477,8.238805970149254,4.2835820895522385,0.0,8.014925373134329,0.4626865671641791,32.223880597014926,0.1044776119402985,0.43283582089552236,0.0,0.0,37.26865671641791,14.611940298507463,5.17910447761194,14.701492537313433,0.014925373134328358,0.2537313432835821,0.029850746268656716,0.014925373134328358,0.0,0.0,4.522388059701493,0.0,0.0,1.4179104477611941,8.985074626865671,2.8955223880597014,0.0,7.552238805970149,0.417910447761194,32.25373134328358,0.0,0.0,8.376119402985076,4.119402985074627,35.76119402985075,25.149253731343283,0.417910447761194,0.0,0.0,0.014925373134328358,4.343283582089552,0.0,0.0,0.05970149253731343,0.05970149253731343,0.07462686567164178,Yankees
2020,158,895.0,1008.0,0.4703100367840252,0.4838709677419355,631474.7741935484,3.161290322580645,8.016129032258064,4.016129032258065,1.3709677419354838,0.08064516129032258,1.2258064516129032,9.838709677419354,3.629032258064516,0.0,7.096774193548387,0.5645161290322581,32.0,0.1774193548387097,0.24193548387096775,0.0,0.0,36.38709677419355,12.306451612903226,3.870967741935484,13.451612903225806,0.0,0.16129032258064516,0.03225806451612903,0.08064516129032258,0.0,0.0,4.370967741935484,0.0,0.0,1.096774193548387,10.17741935483871,3.161290322580645,0.0,7.387096774193548,0.5645161290322581,32.37096774193548,0.0,0.0,8.598387096774195,3.967741935483871,36.306451612903224,25.806451612903224,0.5645161290322581,0.0,0.0,0.0,4.209677419354839,0.0,0.0,0.016129032258064516,0.03225806451612903,0.16129032258064516,Brewers
2021,108,397.0,306.0,0.5647226173541963,0.43478260869565216,634190.4347826086,4.695652173913044,8.304347826086957,4.913043478260869,1.4782608695652173,0.08695652173913043,1.3478260869565217,8.347826086956522,2.5217391304347827,0.21739130434782608,9.26086956521739,0.43478260869565216,35.04347826086956,0.043478260869565216,0.2608695652173913,0.17391304347826086,0.0,38.30434782608695,14.956521739130435,4.434782608695652,15.173913043478262,0.08695652173913043,0.21739130434782608,0.0,0.043478260869565216,0.0,0.0,5.130434782608695,0.0,0.0,1.0869565217391304,10.478260869565217,3.6956521739130435,0.0,8.173913043478262,0.4782608695652174,34.0,0.17391304347826086,0.6956521739130435,8.834782608695651,4.6521739130434785,38.56521739130435,26.565217391304348,0.4782608695652174,0.0,0.0,0.08695652173913043,4.608695652173913,0.0,0.0,0.043478260869565216,0.043478260869565216,0.30434782608695654,Angels
2021,109,300.0,422.0,0.4155124653739612,0.34615384615384615,634219.1538461539,5.038461538461538,8.73076923076923,5.230769230769231,1.4615384615384615,0.3076923076923077,1.3846153846153846,8.846153846153847,4.076923076923077,0.19230769230769232,8.23076923076923,0.46153846153846156,34.61538461538461,0.11538461538461539,0.3076923076923077,0.34615384615384615,0.0,39.38461538461539,14.461538461538462,4.846153846153846,17.0,0.038461538461538464,0.19230769230769232,0.0,0.038461538461538464,0.0,0.0,4.846153846153846,0.0,0.0,1.3461538461538463,8.153846153846153,3.1923076923076925,0.34615384615384615,8.384615384615385,0.38461538461538464,33.5,0.23076923076923078,0.5384615384615384,8.811538461538461,4.423076923076923,37.76923076923077,26.46153846153846,0.38461538461538464,0.0,0.0,0.038461538461538464,4.730769230769231,0.0,0.0,0.038461538461538464,0.2692307692307692,0.38461538461538464,D-backs
2021,110,292.0,435.0,0.4016506189821183,0.5384615384615384,634221.8461538461,4.6923076923076925,7.961538461538462,3.6153846153846154,1.6538461538461537,0.07692307692307693,0.9615384615384616,9.5,2.5384615384615383,0.038461538461538464,7.423076923076923,0.19230769230769232,33.07692307692308,0.11538461538461539,0.2692307692307692,0.19230769230769232,0.0,36.15384615384615,12.115384615384615,3.423076923076923,12.961538461538462,0.15384615384615385,0.19230769230769232,0.0,0.07692307692307693,0.0,0.0,4.115384615384615,0.0,0.0,1.3076923076923077,8.461538461538462,3.230769230769231,0.038461538461538464,8.0,0.38461538461538464,33.26923076923077,0.15384615384615385,0.2692307692307692,8.776923076923076,3.923076923076923,37.23076923076923,26.384615384615383,0.38461538461538464,0.0,0.0,0.07692307692307693,3.9615384615384617,0.0,0.0,0.0,0.11538461538461539,0.23076923076923078,Orioles
2021,111,463.0,316.0,0.5943517329910141,0.5925925925925926,634230.5185185185,3.7777777777777777,8.962962962962964,4.777777777777778,2.259259259259259,0.1111111111111111,1.1481481481481481,8.296296296296296,2.7777777777777777,0.1111111111111111,8.592592592592593,0.48148148148148145,33.148148148148145,0.07407407407407407,0.3333333333333333,0.4074074074074074,0.0,36.74074074074074,14.518518518518519,4.296296296296297,14.333333333333334,0.037037037037037035,0.25925925925925924,0.037037037037037035,0.1111111111111111,0.0,0.0,3.888888888888889,0.0,0.0,0.6296296296296297,9.518518518518519,3.4444444444444446,0.0,7.481481481481482,0.5185185185185185,32.81481481481482,0.1111111111111111,0.5555555555555556,8.818518518518518,3.4814814814814814,37.22222222222222,26.48148148148148,0.5185185185185185,0.0,0.0,0.0,3.7037037037037037,0.0,0.0,0.0,0.18518518518518517,0.25925925925925924,Red Sox
2021,112,387.0,309.0,0.5560344827586207,0.5769230769230769,634129.5,4.153846153846154,8.653846153846153,4.384615384615385,1.2692307692307692,0.2692307692307692,1.2307692307692308,10.0,3.8076923076923075,0.11538461538461539,6.923076923076923,0.6923076923076923,32.03846153846154,0.19230769230769232,0.6538461538461539,0.19230769230769232,0.0,37.19230769230769,12.423076923076923,4.230769230769231,14.192307692307692,0.23076923076923078,0.38461538461538464,0.038461538461538464,0.038461538461538464,0.0,0.0,4.923076923076923,0.0,0.0,1.3461538461538463,9.346153846153847,4.461538461538462,0.11538461538461539,8.307692307692308,0.8461538461538461,33.69230769230769,0.11538461538461539,0.4230769230769231,8.76923076923077,4.769230769230769,39.34615384615385,26.307692307692307,0.8461538461538461,0.0,0.0,0.11538461538461539,4.846153846153846,0.0,0.0,0.0,0.11538461538461539,0.23076923076923078,Cubs
2021,113,283.0,418.0,0.4037089871611983,0.52,634396.68,5.36,8.0,5.44,1.72,0.2,1.52,9.6,3.16,0.08,8.44,0.68,34.08,0.2,0.2,0.2,0.0,38.48,15.12,5.28,13.28,0.28,0.28,0.0,0.08,0.0,0.0,5.12,0.0,0.0,1.4,9.64,4.52,0.32,7.68,0.52,33.32,0.08,0.4,8.88,4.72,38.72,26.64,0.52,0.0,0.0,0.04,4.84,0.0,0.0,0.0,0.08,0.28,Reds
2021,114,324.0,404.0,0.44505494505494503,0.5416666666666666,634098.5833333334,4.333333333333333,8.458333333333334,3.9583333333333335,1.4583333333333333,0.16666666666666666,1.2916666666666667,8.375,3.2916666666666665,0.125,6.708333333333333,0.20833333333333334,32.375,0.041666666666666664,0.5833333333333334,0.125,0.0,36.208333333333336,12.375,3.8333333333333335,12.708333333333334,0.08333333333333333,0.16666666666666666,0.08333333333333333,0.0,0.0,0.0,4.0,0.0,0.0,1.5,9.75,3.2083333333333335,0.041666666666666664,7.083333333333333,0.375,33.166666666666664,0.08333333333333333,0.25,8.883333333333333,3.7083333333333335,36.958333333333336,26.708333333333332,0.375,0.0,0.0,0.041666666666666664,3.875,0.0,0.0,0.041666666666666664,0.041666666666666664,0.125,Indians
2021,115,326.0,430.0,0.4312169312169312,0.5769230769230769,634219.5384615385,4.269230769230769,8.576923076923077,4.423076923076923,1.4615384615384615,0.34615384615384615,1.1538461538461537,8.846153846153847,2.6538461538461537,0.23076923076923078,7.730769230769231,0.11538461538461539,32.92307692307692,0.19230769230769232,0.4230769230769231,0.34615384615384615,0.0,36.19230769230769,13.346153846153847,4.1923076923076925,12.26923076923077,0.23076923076923078,0.2692307692307692,0.0,0.038461538461538464,0.0,0.0,5.0,0.0,0.0,1.0769230769230769,7.730769230769231,4.153846153846154,0.11538461538461539,8.76923076923077,0.2692307692307692,33.38461538461539,0.11538461538461539,0.3076923076923077,8.653846153846153,4.538461538461538,38.5,25.96153846153846,0.2692307692307692,0.0,0.0,0.0,4.769230769230769,0.0,0.0,0.038461538461538464,0.38461538461538464,0.2692307692307692,Rockies
2021,116,341.0,427.0,0.4440104166666667,0.48148148148148145,634147.8518518518,4.592592592592593,6.7407407407407405,2.7777777777777777,1.0,0.2222222222222222,1.037037037037037,10.37037037037037,2.3333333333333335,0.037037037037037035,6.185185185185185,0.14814814814814814,31.22222222222222,0.037037037037037035,0.25925925925925924,0.14814814814814814,0.0,33.925925925925924,10.74074074074074,2.7777777777777777,10.777777777777779,0.0,0.14814814814814814,0.07407407407407407,0.037037037037037035,0.0,0.0,4.925925925925926,0.0,0.0,1.4074074074074074,7.37037037037037,3.814814814814815,0.0,8.037037037037036,0.25925925925925924,32.370370370370374,0.1111111111111111,0.5925925925925926,8.377777777777778,4.7407407407407405,36.74074074074074,25.185185185185187,0.25925925925925924,0.0,0.0,0.037037037037037035,4.62962962962963,0.0,0.0,0.0,0.1111111111111111,0.18518518518518517,Tigers
2021,117,260.0,343.0,0.4311774461028192,0.52,634207.08,4.8,9.4,4.6,1.76,0.12,0.92,7.24,2.8,0.04,8.44,0.56,33.88,0.08,0.36,0.36,0.0,37.76,13.2,4.36,14.96,0.0,0.48,0.04,0.0,0.0,0.0,3.92,0.0,0.0,1.12,9.04,3.08,0.12,7.4,0.6,32.84,0.16,0.2,8.84,3.76,36.84,26.52,0.6,0.0,0.0,0.08,3.92,0.0,0.0,0.0,0.08,0.24,Astros
2021,118,446.0,228.0,0.6617210682492581,0.5416666666666666,634189.7916666666,5.041666666666667,8.708333333333334,4.375,1.4583333333333333,0.2916666666666667,0.9166666666666666,7.916666666666667,3.0833333333333335,0.08333333333333333,7.583333333333333,0.25,32.375,0.25,0.9166666666666666,0.20833333333333334,0.0,36.375,12.375,4.125,12.375,0.25,0.3333333333333333,0.08333333333333333,0.08333333333333333,0.0,0.0,4.458333333333333,0.0,0.0,0.9583333333333334,8.833333333333334,3.8333333333333335,0.041666666666666664,8.0,0.2916666666666667,32.958333333333336,0.125,0.4166666666666667,8.708333333333334,4.083333333333333,37.5,26.125,0.2916666666666667,0.0,0.0,0.041666666666666664,4.083333333333333,0.0,0.0,0.0,0.041666666666666664,0.375,Royals
2021,119,474.0,242.0,0.6620111731843575,0.48148148148148145,634226.6666666666,4.7407407407407405,8.074074074074074,4.703703703703703,1.5555555555555556,0.25925925925925924,1.1481481481481481,9.592592592592593,4.666666666666667,0.3333333333333333,7.851851851851852,0.8518518518518519,33.592592592592595,0.07407407407407407,0.37037037037037035,0.3333333333333333,0.0,39.592592592592595,13.37037037037037,4.407407407407407,17.037037037037038,0.2222222222222222,0.25925925925925924,0.0,0.037037037037037035,0.0,0.0,3.4444444444444446,0.0,0.0,1.0,10.0,2.5925925925925926,0.14814814814814814,7.037037037037037,0.3333333333333333,33.370370370370374,0.2222222222222222,1.037037037037037,9.040740740740741,3.0,36.629629629629626,27.14814814814815,0.3333333333333333,0.0,0.0,0.07407407407407407,3.1481481481481484,0.0,0.0,0.037037037037037035,0.18518518518518517,0.1111111111111111,Dodgers
2021,120,217.0,272.0,0.4437627811860941,0.5,634155.6818181818,4.454545454545454,8.590909090909092,3.5,1.2727272727272727,0.045454545454545456,0.9545454545454546,8.227272727272727,2.590909090909091,0.18181818181818182,8.045454545454545,0.6363636363636364,32.45454545454545,0.2727272727272727,0.36363636363636365,0.36363636363636365,0.0,36.04545454545455,12.272727272727273,3.409090909090909,13.681818181818182,0.09090909090909091,0.2727272727272727,0.0,0.045454545454545456,0.0,0.0,4.454545454545454,0.0,0.0,1.5454545454545454,8.318181818181818,3.6363636363636362,0.5454545454545454,7.318181818181818,0.5454545454545454,31.772727272727273,0.22727272727272727,0.2727272727272727,8.545454545454545,4.045454545454546,36.40909090909091,25.636363636363637,0.5454545454545454,0.0,0.0,0.045454545454545456,4.2272727272727275,0.0,0.0,0.0,0.22727272727272727,0.22727272727272727,Nationals
2021,121,260.0,233.0,0.5273833671399595,0.5,634131.85,4.55,8.25,2.9,1.25,0.1,0.75,8.6,3.3,0.1,7.25,0.75,31.35,0.2,0.15,0.3,0.0,35.75,10.95,2.75,14.95,0.2,0.15,0.0,0.05,0.0,0.0,3.6,0.0,0.0,0.5,10.35,2.7,0.1,6.1,0.45,30.05,0.2,0.45,8.355,2.7,33.6,25.1,0.45,0.0,0.0,0.1,3.25,0.0,0.0,0.05,0.1,0.25,Mets
2021,133,399.0,350.0,0.5327102803738317,0.5555555555555556,634239.2592592592,4.666666666666667,8.074074074074074,4.111111111111111,1.2222222222222223,0.18518518518518517,1.2222222222222223,9.037037037037036,3.4074074074074074,0.037037037037037035,6.814814814814815,0.7037037037037037,32.03703703703704,0.18518518518518517,0.7037037037037037,0.2222222222222222,0.0,36.48148148148148,12.074074074074074,3.814814814814815,13.148148148148149,0.07407407407407407,0.25925925925925924,0.0,0.07407407407407407,0.0,0.0,4.2592592592592595,0.0,0.0,1.1481481481481481,8.62962962962963,2.925925925925926,0.1111111111111111,8.74074074074074,0.48148148148148145,34.25925925925926,0.14814814814814814,0.37037037037037035,8.777777777777779,4.0,38.03703703703704,26.333333333333332,0.48148148148148145,0.0,0.0,0.07407407407407407,4.0,0.0,0.0,0.0,0.037037037037037035,0.3333333333333333,Athletics
2021,134,344.0,384.0,0.4725274725274725,0.4,634213.48,4.32,8.48,3.88,1.64,0.12,0.8,8.72,3.6,0.0,7.44,0.44,32.76,0.12,0.32,0.24,0.0,37.04,11.72,3.72,15.16,0.08,0.16,0.0,0.08,0.0,0.0,4.52,0.0,0.0,1.16,8.92,3.36,0.0,7.44,0.52,31.84,0.12,0.68,8.56,4.24,36.28,25.68,0.52,0.0,0.0,0.04,4.4,0.0,0.0,0.0,0.12,0.44,Pirates
2021,135,385.0,375.0,0.506578947368421,0.5185185185185185,634225.3333333334,4.111111111111111,9.185185185185185,4.037037037037037,1.2222222222222223,0.1111111111111111,0.9629629629629629,8.555555555555555,4.074074074074074,0.14814814814814814,7.851851851851852,0.37037037037037035,33.48148148148148,0.25925925925925924,1.1481481481481481,0.25925925925925924,0.0,38.407407407407405,12.185185185185185,3.7777777777777777,16.22222222222222,0.1111111111111111,0.2962962962962963,0.07407407407407407,0.1111111111111111,0.0,0.0,3.4814814814814814,0.0,0.0,1.1111111111111112,11.25925925925926,2.925925925925926,0.2222222222222222,6.851851851851852,0.7037037037037037,33.55555555555556,0.07407407407407407,0.5185185185185185,9.074074074074074,2.814814814814815,37.44444444444444,27.22222222222222,0.7037037037037037,0.0,0.0,0.07407407407407407,3.185185185185185,0.0,0.0,0.0,0.1111111111111111,0.14814814814814814,Padres
2021,136,353.0,312.0,0.530827067669173,0.4444444444444444,634137.8148148148,4.518518518518518,7.37037037037037,4.148148148148148,1.7037037037037037,0.07407407407407407,1.1111111111111112,9.444444444444445,3.185185185185185,0.0,6.666666666666667,0.4444444444444444,31.666666666666668,0.14814814814814814,0.48148148148148145,0.18518518518518517,0.0,35.629629629629626,11.851851851851851,3.925925925925926,11.777777777777779,0.1111111111111111,0.18518518518518517,0.037037037037037035,0.14814814814814814,0.0,0.0,4.111111111111111,0.0,0.0,0.8518518518518519,7.407407407407407,3.3703703703703702,0.07407407407407407,7.074074074074074,0.5925925925925926,31.814814814814813,0.07407407407407407,0.6296296296296297,8.6,3.5925925925925926,36.18518518518518,25.85185185185185,0.5925925925925926,0.0,0.0,0.0,3.814814814814815,0.0,0.0,0.037037037037037035,0.0,0.37037037037037035,Mariners
2021,137,364.0,307.0,0.5424739195230999,0.5,634300.7692307692,4.461538461538462,7.923076923076923,4.076923076923077,1.5769230769230769,0.11538461538461539,1.2307692307692308,9.346153846153847,3.5384615384615383,0.3076923076923077,7.3076923076923075,0.2692307692307692,32.34615384615385,0.07692307692307693,0.5,0.38461538461538464,0.0,36.57692307692308,12.807692307692308,4.0,13.0,0.19230769230769232,0.19230769230769232,0.038461538461538464,0.0,0.0,0.0,3.1923076923076925,0.0,0.0,0.9230769230769231,8.923076923076923,3.0384615384615383,0.0,6.653846153846154,0.38461538461538464,32.57692307692308,0.15384615384615385,0.4230769230769231,8.896153846153847,2.923076923076923,36.19230769230769,26.76923076923077,0.38461538461538464,0.0,0.0,0.038461538461538464,3.076923076923077,0.0,0.0,0.0,0.038461538461538464,0.15384615384615385,Giants
2021,138,284.0,283.0,0.5008818342151675,0.5,634212.3076923077,4.653846153846154,8.307692307692308,4.5,1.2307692307692308,0.11538461538461539,1.2692307692307692,9.038461538461538,3.0,0.34615384615384615,7.3076923076923075,0.5,32.65384615384615,0.15384615384615385,0.2692307692307692,0.34615384615384615,0.0,36.57692307692308,12.576923076923077,4.076923076923077,11.73076923076923,0.23076923076923078,0.19230769230769232,0.0,0.0,0.0,0.0,4.153846153846154,0.0,0.0,0.8076923076923077,8.538461538461538,4.0,0.19230769230769232,7.153846153846154,0.7307692307692307,32.46153846153846,0.11538461538461539,0.34615384615384615,8.807692307692308,3.8846153846153846,37.69230769230769,26.423076923076923,0.7307692307692307,0.0,0.0,0.07692307692307693,3.769230769230769,0.0,0.0,0.0,0.15384615384615385,0.34615384615384615,Cardinals
2021,139,349.0,437.0,0.4440203562340967,0.5555555555555556,634212.925925926,5.037037037037037,7.62962962962963,4.185185185185185,1.8518518518518519,0.1111111111111111,1.0,10.11111111111111,3.4444444444444446,0.037037037037037035,7.592592592592593,0.5555555555555556,33.666666666666664,0.2222222222222222,0.3333333333333333,0.1111111111111111,0.0,38.0,12.666666666666666,3.888888888888889,14.703703703703704,0.1111111111111111,0.2222222222222222,0.0,0.037037037037037035,0.0,0.0,4.592592592592593,0.0,0.0,1.0,9.037037037037036,2.7037037037037037,0.1111111111111111,8.11111111111111,0.37037037037037035,33.888888888888886,0.1111111111111111,0.5555555555555556,9.014814814814814,4.2592592592592595,37.370370370370374,27.14814814814815,0.37037037037037035,0.0,0.0,0.0,4.296296296296297,0.0,0.0,0.0,0.14814814814814814,0.25925925925925924,Rays
2021,140,357.0,381.0,0.483739837398374,0.5185185185185185,634225.074074074,3.3333333333333335,8.703703703703704,3.8518518518518516,0.8518518518518519,0.1111111111111111,1.1481481481481481,10.555555555555555,2.962962962962963,0.037037037037037035,7.555555555555555,0.6666666666666666,33.0,0.25925925925925924,0.7037037037037037,0.2962962962962963,0.0,36.96296296296296,12.074074074074074,3.7037037037037037,13.037037037037036,0.14814814814814814,0.18518518518518517,0.0,0.07407407407407407,0.0,0.0,4.62962962962963,0.0,0.0,1.4444444444444444,8.074074074074074,2.6296296296296298,0.037037037037037035,8.88888888888889,0.4074074074074074,34.2962962962963,0.14814814814814814,0.2222222222222222,8.822222222222221,4.481481481481482,37.74074074074074,26.51851851851852,0.4074074074074074,0.0,0.0,0.037037037037037035,4.2592592592592595,0.0,0.0,0.07407407407407407,0.07407407407407407,0.25925925925925924,Rangers
2021,141,367.0,302.0,0.5485799701046338,0.375,634299.3333333334,5.416666666666667,7.583333333333333,4.458333333333333,1.0,0.041666666666666664,1.4583333333333333,8.666666666666666,3.1666666666666665,0.041666666666666664,7.708333333333333,0.4583333333333333,33.041666666666664,0.08333333333333333,0.5416666666666666,0.2916666666666667,0.0,37.083333333333336,13.166666666666666,4.125,13.916666666666666,0.041666666666666664,0.2916666666666667,0.08333333333333333,0.041666666666666664,0.0,0.0,3.75,0.0,0.0,1.2083333333333333,8.375,2.75,0.0,7.583333333333333,0.4583333333333333,32.75,0.08333333333333333,0.5416666666666666,8.633333333333333,3.2916666666666665,36.0,25.958333333333332,0.4583333333333333,0.0,0.0,0.0,3.5416666666666665,0.0,0.0,0.0,0.041666666666666664,0.0,Blue Jays
2021,142,314.0,414.0,0.43131868131868134,0.4583333333333333,634115.7083333334,4.208333333333333,8.708333333333334,4.625,1.6666666666666667,0.08333333333333333,1.2916666666666667,8.666666666666666,3.0833333333333335,0.041666666666666664,8.041666666666666,0.4583333333333333,33.333333333333336,0.041666666666666664,0.375,0.16666666666666666,0.0,37.375,13.75,4.375,14.041666666666666,0.08333333333333333,0.4166666666666667,0.0,0.0,0.0,0.0,4.541666666666667,0.0,0.0,1.3333333333333333,8.458333333333334,2.6666666666666665,0.125,7.583333333333333,0.5416666666666666,32.458333333333336,0.125,0.4583333333333333,8.558333333333334,3.9166666666666665,36.0,25.791666666666668,0.5416666666666666,0.0,0.0,0.20833333333333334,4.291666666666667,0.0,0.0,0.041666666666666664,0.08333333333333333,0.20833333333333334,Twins
2021,143,364.0,363.0,0.5006877579092159,0.5,634211.7307692308,3.769230769230769,8.26923076923077,3.730769230769231,1.3076923076923077,0.07692307692307693,1.0,9.76923076923077,3.076923076923077,0.23076923076923078,7.423076923076923,0.5,32.11538461538461,0.11538461538461539,0.5769230769230769,0.23076923076923078,0.0,36.23076923076923,11.884615384615385,3.5,13.115384615384615,0.11538461538461539,0.4230769230769231,0.0,0.07692307692307693,0.0,0.0,4.3076923076923075,0.0,0.0,1.3461538461538463,8.923076923076923,2.769230769230769,0.2692307692307692,8.038461538461538,0.4230769230769231,33.11538461538461,0.07692307692307693,0.19230769230769232,8.626923076923077,4.076923076923077,36.69230769230769,25.96153846153846,0.4230769230769231,0.0,0.0,0.0,4.115384615384615,0.0,0.0,0.0,0.19230769230769232,0.19230769230769232,Phillies
2021,144,365.0,394.0,0.48089591567852435,0.5384615384615384,634225.1923076923,4.884615384615385,7.5,4.6923076923076925,1.6923076923076923,0.11538461538461539,1.4615384615384615,8.615384615384615,3.730769230769231,0.23076923076923078,7.461538461538462,0.6538461538461539,32.11538461538461,0.038461538461538464,0.23076923076923078,0.2692307692307692,0.0,36.96153846153846,13.76923076923077,4.5,13.692307692307692,0.15384615384615385,0.3076923076923077,0.0,0.07692307692307693,0.0,0.0,5.076923076923077,0.0,0.0,1.5,9.346153846153847,3.769230769230769,0.2692307692307692,8.26923076923077,0.5384615384615384,32.88461538461539,0.11538461538461539,0.5384615384615384,8.546153846153846,4.730769230769231,37.76923076923077,25.692307692307693,0.5384615384615384,0.0,0.0,0.0,4.884615384615385,0.0,0.0,0.038461538461538464,0.23076923076923078,0.3076923076923077,Braves
2021,145,286.0,368.0,0.43730886850152906,0.52,634214.8,3.16,9.88,5.08,1.6,0.16,0.92,8.48,3.6,0.04,8.8,0.44,33.32,0.16,0.64,0.24,0.0,37.72,13.48,4.64,15.6,0.16,0.2,0.0,0.08,0.0,0.0,3.92,0.0,0.0,1.0,10.04,3.0,0.12,7.2,0.28,32.0,0.16,0.52,8.524,3.44,35.8,25.6,0.28,0.0,0.0,0.04,3.64,0.0,0.0,0.12,0.16,0.24,White Sox
2021,146,291.0,250.0,0.5378927911275416,0.44,634212.08,4.8,8.16,4.16,1.48,0.2,0.84,9.88,3.36,0.16,7.68,0.56,33.52,0.24,0.72,0.32,0.0,37.92,12.08,3.92,14.2,0.12,0.32,0.0,0.16,0.0,0.0,3.72,0.0,0.0,1.04,8.6,3.0,0.2,7.0,0.64,32.2,0.2,0.4,8.888,3.32,36.36,26.72,0.64,0.0,0.0,0.0,3.52,0.0,0.0,0.04,0.2,0.28,Marlins
2021,147,381.0,342.0,0.5269709543568465,0.46153846153846156,634220.7307692308,4.538461538461538,8.346153846153847,3.923076923076923,1.2307692307692308,0.0,1.4230769230769231,8.692307692307692,4.346153846153846,0.07692307692307693,7.384615384615385,0.19230769230769232,33.03846153846154,0.038461538461538464,0.15384615384615385,0.3076923076923077,0.0,37.73076923076923,12.884615384615385,3.730769230769231,14.076923076923077,0.07692307692307693,0.07692307692307693,0.0,0.0,0.0,0.0,3.5384615384615383,0.0,0.0,1.0,10.615384615384615,2.576923076923077,0.038461538461538464,6.923076923076923,0.5,32.88461538461539,0.07692307692307693,0.38461538461538464,8.930769230769231,3.0384615384615383,36.42307692307692,26.846153846153847,0.5,0.0,0.0,0.0,3.3076923076923075,0.0,0.0,0.038461538461538464,0.15384615384615385,0.2692307692307692,Yankees
2021,158,425.0,330.0,0.5629139072847682,0.5384615384615384,634118.9230769231,4.269230769230769,8.576923076923077,3.9615384615384617,1.1538461538461537,0.15384615384615385,1.1923076923076923,10.076923076923077,3.1153846153846154,0.11538461538461539,7.0,0.8076923076923077,32.80769230769231,0.11538461538461539,0.4230769230769231,0.23076923076923078,0.0,37.03846153846154,12.038461538461538,3.8461538461538463,13.615384615384615,0.15384615384615385,0.11538461538461539,0.038461538461538464,0.038461538461538464,0.0,0.0,3.576923076923077,0.0,0.0,1.0384615384615385,10.346153846153847,3.5,0.07692307692307693,6.653846153846154,0.6153846153846154,32.69230769230769,0.2692307692307692,0.4230769230769231,9.0,3.269230769230769,37.11538461538461,27.0,0.6153846153846154,0.0,0.0,0.038461538461538464,3.3461538461538463,0.0,0.0,0.0,0.11538461538461539,0.15384615384615385,Brewers
