,id,year,team,average_age,avg_runs_allowed,wins,losses,win_loss_percentage,ERA,run_average_9,games_x,complete_game,shutouts,saves,innings_pitched,hits_x,runs_x,earned_runs,home_runs,walks,strikeouts_x,hit_batter,batters_faced,WHIP,hits_9,homeruns_9,walks_9,strikeouts_9,strikeout_walk,average_batter_age,avg_runs_scored,games_y,plate_appearances,at_bats,runs_y,hits_y,doubles,triples,homeruns,RBI,bases_on_balls,strikeouts_y,batting_average,OBP,SLG,OPS,total_bases,GDP,HBP,sacrifice_hits,sacrifice_flies
0,1,2021,LG Twins,26.3,3.9,72,57,0.558,3.57,3.96,143,0,18,32,1264.1,1117,557,501,79,542,1062,97,5416,1.312,8.0,0.6,3.9,7.6,1.96,28.4,4.56,143,5496,4721,652,1185,208,11,109,619,586,919,0.251,0.342,0.369,0.711,1742,102,93,51,45
1,2,2021,KT Wiz,28.4,4.06,75,59,0.56,3.67,4.17,143,2,6,33,1255.0,1166,581,512,85,486,1051,42,5359,1.316,8.4,0.6,3.5,7.5,2.16,29.4,4.97,143,5581,4773,711,1263,217,11,104,666,639,1041,0.265,0.356,0.38,0.736,1814,105,58,68,43
2,3,2021,Doosan Bears,27.5,4.57,70,65,0.519,4.28,4.66,143,2,10,27,1260.1,1288,653,599,104,586,1037,73,5596,1.487,9.2,0.7,4.2,7.4,1.77,29.0,5.13,143,5606,4867,733,1306,234,17,109,693,556,938,0.268,0.35,0.391,0.741,1901,137,86,45,52
3,4,2021,Samsung Lions,28.8,4.57,75,59,0.56,4.29,4.7,143,2,14,46,1250.0,1287,653,596,129,526,1031,51,5496,1.45,9.3,0.9,3.8,7.4,1.96,30.0,4.9,143,5505,4798,701,1280,203,17,130,659,538,893,0.267,0.343,0.398,0.741,1907,98,55,47,67
4,5,2021,NC Dinos,27.7,4.8,67,67,0.5,4.5,4.95,143,3,10,33,1247.2,1256,686,624,122,585,1046,77,5575,1.476,9.1,0.9,4.2,7.5,1.79,29.0,4.87,143,5492,4772,697,1244,202,17,168,665,507,1086,0.261,0.343,0.416,0.759,1984,92,111,59,43
5,6,2021,Kiwoom Heroes,25.8,4.89,69,67,0.507,4.33,5.02,143,1,7,30,1254.1,1276,699,604,100,566,893,80,5568,1.469,9.2,0.7,4.1,6.4,1.58,27.1,5.01,143,5610,4839,716,1250,243,28,90,666,589,1048,0.258,0.347,0.376,0.722,1819,92,93,34,55
6,7,2021,SSG Landers,27.3,5.13,66,63,0.512,4.8,5.2,143,0,5,25,1267.2,1283,733,676,147,623,1006,78,5661,1.504,9.1,1.0,4.4,7.1,1.61,30.9,5.26,143,5698,4864,752,1268,203,13,184,709,634,1045,0.261,0.354,0.421,0.775,2049,104,93,55,52
7,8,2021,Hanwha Eagles,27.0,5.13,49,82,0.374,4.67,5.29,143,1,6,21,1249.2,1200,734,648,114,669,1006,101,5633,1.496,8.6,0.8,4.8,7.2,1.5,25.6,4.17,143,5460,4651,596,1104,211,17,80,551,632,1278,0.237,0.335,0.342,0.676,1589,110,74,54,49
8,9,2021,Kia Tigers,25.3,5.22,58,75,0.436,4.89,5.33,143,1,6,36,1260.0,1274,746,684,133,616,946,104,5658,1.5,9.1,1.0,4.4,6.8,1.54,27.9,3.97,143,5546,4800,567,1193,183,21,65,545,595,914,0.249,0.338,0.336,0.674,1613,118,73,41,37
9,10,2021,Lotte Giants,27.1,5.64,64,71,0.474,5.39,5.75,143,1,12,36,1262.0,1330,806,756,132,653,1047,86,5722,1.571,9.5,0.9,4.7,7.5,1.6,29.0,5.06,143,5689,4978,723,1384,263,10,106,693,576,963,0.278,0.356,0.399,0.755,1985,114,53,37,45
10,11,2020,Kiwoom Heroes,26.4,4.81,80,63,0.559,4.39,4.86,144,0,6,42,1280.1,1336,692,624,126,446,950,73,5556,1.392,9.4,0.9,3.1,6.7,2.13,26.7,5.27,144,5721,4945,759,1332,254,25,127,713,608,1030,0.269,0.355,0.408,0.762,2017,107,73,43,52
11,12,2020,LG Twins,27.4,4.82,79,61,0.564,4.37,4.83,144,2,13,29,1292.2,1344,694,627,123,493,1019,86,5655,1.421,9.4,0.9,3.4,7.1,2.07,29.5,5.57,144,5681,4999,802,1384,253,29,149,760,509,969,0.277,0.349,0.429,0.778,2142,115,75,49,49
12,13,2020,Doosan Bears,26.7,4.83,79,61,0.564,4.31,4.87,144,1,13,23,1285.2,1395,695,616,109,478,1046,61,5681,1.457,9.8,0.8,3.3,7.3,2.19,30.1,5.67,144,5776,5046,816,1477,263,20,125,778,551,796,0.293,0.365,0.427,0.792,2155,132,68,38,73
13,14,2020,NC Dinos,27.5,4.96,83,55,0.601,4.58,4.96,144,0,7,31,1296.2,1292,714,660,153,547,1049,79,5690,1.418,9.0,1.1,3.8,7.3,1.92,29.6,6.17,144,5832,5102,888,1483,258,28,187,845,529,997,0.291,0.366,0.462,0.828,2358,106,104,46,51
14,15,2020,KT Wiz,27.5,4.97,81,62,0.566,4.54,4.99,144,0,5,33,1290.1,1357,715,651,118,523,848,59,5680,1.457,9.5,0.8,3.6,5.9,1.62,28.5,5.65,144,5762,5047,813,1432,238,21,163,767,554,1097,0.284,0.358,0.436,0.794,2201,104,52,64,45
15,16,2020,Lotte Giants,28.8,5.0,71,72,0.497,4.64,5.07,144,1,16,25,1277.1,1351,720,659,143,447,1002,58,5583,1.408,9.5,1.0,3.1,7.1,2.24,29.9,5.21,144,5669,4958,750,1366,252,6,131,711,569,875,0.276,0.354,0.408,0.762,2023,148,55,39,48
16,17,2020,Samsung Lions,27.6,5.17,64,75,0.46,4.78,5.27,144,3,11,25,1272.1,1330,745,676,151,542,931,67,5634,1.471,9.4,1.1,3.8,6.6,1.72,28.2,4.85,144,5574,4923,699,1317,211,12,129,658,486,990,0.268,0.338,0.394,0.732,1939,117,62,50,53
17,18,2020,Kia Tigers,27.3,5.52,73,71,0.507,5.13,5.63,144,1,5,33,1270.0,1399,795,724,120,559,1038,70,5681,1.542,9.9,0.9,4.0,7.4,1.86,28.8,5.03,144,5642,4937,724,1355,224,13,130,692,535,957,0.275,0.351,0.404,0.755,1995,114,69,63,38
18,19,2020,Hanwha Eagles,27.2,5.69,46,95,0.326,5.28,5.83,144,1,6,21,1265.0,1400,820,742,158,609,1019,79,5756,1.588,10.0,1.1,4.3,7.2,1.67,28.7,3.83,144,5483,4862,551,1189,195,12,79,523,462,1163,0.245,0.32,0.338,0.658,1645,119,89,45,25
19,20,2020,SK Wyverns,27.4,5.88,51,92,0.357,5.57,6.05,144,1,3,20,1259.1,1343,846,780,162,670,953,84,5727,1.598,9.6,1.2,4.8,6.8,1.42,29.5,4.4,144,5502,4839,634,1212,177,17,143,595,511,981,0.251,0.329,0.383,0.711,1852,112,69,49,34
20,21,2019,SK Wyverns,28.8,3.79,88,55,0.615,3.48,3.8,144,0,19,51,1292.1,1240,546,500,99,436,1092,50,5463,1.297,8.6,0.7,3.0,7.6,2.5,30.8,4.55,144,5541,4919,655,1290,218,14,117,622,462,966,0.262,0.334,0.384,0.718,1887,92,87,35,38
21,22,2019,Doosan Bears,28.8,3.82,88,55,0.615,3.51,3.86,144,3,10,44,1283.2,1259,550,500,78,380,860,70,5434,1.277,8.8,0.5,2.7,6.0,2.26,29.5,5.11,144,5670,4913,736,1364,235,31,84,691,563,799,0.278,0.355,0.389,0.744,1913,117,72,39,83
22,23,2019,Kiwoom Heroes,26.5,3.97,86,57,0.601,3.61,4.03,144,2,12,39,1279.0,1293,572,513,61,371,984,58,5427,1.301,9.1,0.4,2.6,6.9,2.65,26.5,5.42,144,5658,4991,780,1405,251,38,112,741,514,943,0.282,0.354,0.414,0.768,2068,122,69,36,48
23,24,2019,NC Dinos,27.2,4.38,73,69,0.514,4.01,4.42,144,5,8,32,1284.1,1285,631,572,103,483,991,92,5578,1.377,9.0,0.7,3.4,6.9,2.05,28.7,4.68,144,5631,4968,674,1383,249,26,128,639,456,880,0.278,0.345,0.416,0.762,2068,126,83,64,60
24,25,2019,LG Twins,27.6,4.4,79,64,0.552,3.86,4.44,144,1,9,43,1283.1,1257,633,551,89,499,953,91,5555,1.368,8.8,0.6,3.5,6.7,1.91,29.5,4.45,144,5536,4928,641,1316,233,15,94,604,434,962,0.267,0.333,0.378,0.711,1861,117,77,49,48
25,26,2019,KT Wiz,25.5,4.59,71,71,0.5,4.29,4.66,144,2,10,37,1277.0,1303,661,608,118,481,848,61,5533,1.397,9.2,0.8,3.4,6.0,1.76,28.2,4.51,144,5582,4965,650,1375,187,20,103,615,475,975,0.277,0.344,0.385,0.728,1911,113,52,45,45
26,27,2019,Kia Tigers,26.2,5.02,62,80,0.437,4.65,5.15,144,3,11,30,1264.0,1362,723,653,101,504,976,76,5614,1.476,9.7,0.7,3.6,6.9,1.94,28.1,4.2,144,5505,4874,605,1286,248,19,76,567,497,919,0.264,0.336,0.369,0.706,1800,108,58,31,45
27,28,2019,Samsung Lions,28.6,5.08,60,83,0.42,4.64,5.16,144,4,8,29,1275.1,1332,731,658,125,523,924,70,5638,1.455,9.4,0.9,3.7,6.5,1.77,28.8,4.32,144,5533,4866,622,1245,230,26,122,598,478,976,0.256,0.329,0.389,0.718,1893,107,78,58,53
28,29,2019,Hanwha Eagles,27.3,5.12,58,86,0.403,4.8,5.23,144,2,8,28,1268.2,1407,737,677,120,526,934,72,5656,1.524,10.0,0.9,3.7,6.6,1.78,28.9,4.22,144,5482,4882,607,1250,223,16,88,562,441,1090,0.256,0.324,0.362,0.686,1769,112,70,44,45
29,30,2019,Lotte Giants,28.8,5.31,48,93,0.34,4.83,5.41,144,1,8,16,1271.0,1407,764,682,120,546,1033,71,5729,1.537,10.0,0.8,3.9,7.3,1.89,29.3,4.01,144,5488,4919,578,1231,214,22,90,545,429,1085,0.25,0.316,0.358,0.674,1759,108,65,35,40
30,31,2018,SK Wyverns,29.2,5.06,78,65,0.545,4.67,5.15,144,0,7,29,1274.2,1353,729,662,189,425,1130,74,5563,1.395,9.6,1.3,3.0,8.0,2.66,29.7,5.76,144,5682,4992,829,1403,234,13,233,791,483,1079,0.281,0.356,0.473,0.83,2362,103,119,54,34
31,32,2018,Doosan Bears,27.7,5.25,93,51,0.646,4.98,5.28,144,1,9,41,1288.2,1401,756,713,154,476,1025,109,5700,1.457,9.8,1.1,3.3,7.2,2.15,28.6,6.56,144,5870,5176,944,1601,284,30,191,898,496,1016,0.309,0.376,0.487,0.862,2518,112,92,43,63
32,33,2018,Hanwha Eagles,27.7,5.28,77,67,0.535,4.93,5.38,144,0,5,37,1274.0,1394,761,698,164,472,1124,89,5637,1.465,9.8,1.2,3.3,7.9,2.38,29.2,5.06,144,5539,4972,729,1369,249,14,151,668,420,1098,0.275,0.341,0.422,0.763,2099,113,88,31,28
33,34,2018,Nexen Heroes,27.1,5.42,75,69,0.521,5.08,5.48,144,4,2,32,1282.0,1442,780,723,178,416,1021,98,5646,1.449,10.1,1.2,2.9,7.2,2.45,25.8,5.73,144,5780,5141,825,1481,288,19,165,787,472,1208,0.288,0.355,0.448,0.802,2302,93,85,32,50
34,35,2018,Samsung Lions,28.7,5.57,68,72,0.486,5.19,5.62,144,0,5,33,1285.1,1477,802,741,185,441,1114,107,5740,1.492,10.3,1.3,3.1,7.8,2.53,29.8,5.39,144,5766,5109,776,1471,241,29,146,732,468,1034,0.288,0.355,0.432,0.787,2208,115,87,57,45
35,36,2018,LG Twins,27.7,5.67,68,75,0.476,5.29,5.79,144,3,7,29,1268.2,1434,816,746,159,453,1058,89,5677,1.487,10.2,1.1,3.2,7.5,2.34,29.2,5.47,144,5665,5070,788,1487,299,12,148,740,418,1001,0.293,0.353,0.445,0.797,2254,125,75,51,51
36,37,2018,Kia Tigers,28.1,5.74,70,74,0.486,5.4,5.85,144,4,5,26,1270.2,1511,826,763,181,445,1017,69,5708,1.539,10.7,1.3,3.2,7.2,2.29,30.3,6.01,144,5744,5036,865,1487,258,22,170,823,503,905,0.295,0.367,0.457,0.824,2299,135,99,56,50
37,38,2018,KT Wiz,27.9,5.79,59,82,0.418,5.34,5.89,144,4,5,24,1274.1,1580,834,756,194,409,1025,84,5743,1.561,11.2,1.4,2.9,7.2,2.51,29.0,5.26,144,5605,5026,757,1382,264,13,206,721,464,1109,0.275,0.34,0.456,0.796,2290,103,46,43,26
38,39,2018,NC Dinos,26.4,5.86,58,85,0.406,5.48,6.01,144,1,4,24,1264.0,1443,844,769,186,537,1010,68,5701,1.566,10.3,1.3,3.8,7.2,1.88,28.4,4.58,144,5488,4895,660,1280,233,18,143,629,427,1081,0.262,0.329,0.404,0.733,1978,115,88,35,43
39,40,2018,Lotte Giants,30.4,5.88,68,74,0.479,5.37,5.93,144,0,6,29,1283.2,1410,846,766,166,548,1164,73,5788,1.525,9.9,1.2,3.8,8.2,2.12,30.1,5.7,144,5764,5130,821,1484,289,17,203,792,471,1157,0.289,0.356,0.471,0.827,2416,124,81,45,37
40,41,2017,LG Twins,28.7,4.7,69,72,0.489,4.3,4.76,144,4,6,32,1279.0,1305,677,611,124,379,1040,102,5507,1.317,9.2,0.9,2.7,7.3,2.74,28.9,4.85,144,5614,4944,699,1390,216,20,110,663,438,1021,0.281,0.348,0.4,0.748,1976,123,101,76,55
41,42,2017,Doosan Bears,29.4,4.71,84,57,0.596,4.38,4.74,144,3,9,35,1288.0,1405,678,627,125,464,956,87,5682,1.451,9.8,0.9,3.2,6.7,2.06,28.4,5.9,144,5833,5102,849,1499,270,20,178,812,541,960,0.294,0.369,0.459,0.828,2343,120,95,48,47
42,43,2017,Lotte Giants,28.9,4.87,80,62,0.563,4.56,4.9,144,1,10,39,1287.1,1357,701,652,162,477,1096,79,5634,1.425,9.5,1.1,3.3,7.7,2.3,30.3,5.16,144,5671,4994,743,1425,250,17,151,697,457,1018,0.285,0.356,0.433,0.789,2162,146,112,76,32
43,44,2017,Kia Tigers,28.1,5.16,87,56,0.608,4.79,5.18,144,5,5,33,1290.0,1518,743,687,137,434,985,77,5748,1.513,10.6,1.0,3.0,6.9,2.27,30.3,6.29,144,5841,5142,906,1554,292,29,170,868,499,891,0.302,0.37,0.47,0.84,2414,117,89,55,56
44,45,2017,NC Dinos,27.1,5.17,79,62,0.56,4.71,5.22,144,1,10,32,1284.2,1342,745,673,169,470,1097,93,5640,1.41,9.4,1.2,3.3,7.7,2.33,29.2,5.46,144,5790,5079,786,1489,277,19,149,739,471,979,0.293,0.365,0.443,0.808,2251,119,130,62,48
45,46,2017,Nexen Heroes,27.7,5.31,69,73,0.486,5.03,5.41,144,2,5,40,1271.0,1488,764,710,149,388,1005,97,5663,1.476,10.5,1.1,2.7,7.1,2.59,26.2,5.48,144,5712,5098,789,1479,267,30,141,748,468,1066,0.29,0.357,0.437,0.794,2229,129,83,21,42
46,47,2017,SK Wyverns,29.0,5.33,75,68,0.524,5.02,5.43,144,2,4,30,1270.2,1443,767,709,154,481,940,105,5692,1.514,10.2,1.1,3.4,6.7,1.95,29.6,5.28,144,5563,4925,761,1337,222,15,234,733,427,1100,0.272,0.341,0.465,0.806,2291,97,113,57,41
47,48,2017,Hanwha Eagles,31.2,5.69,61,81,0.43,5.28,5.8,144,1,5,31,1273.0,1474,820,747,166,446,914,100,5698,1.508,10.4,1.2,3.2,6.5,2.05,30.1,5.12,144,5663,5030,737,1445,261,16,150,684,416,974,0.287,0.351,0.435,0.786,2188,112,94,85,38
48,49,2017,KT Wiz,25.5,6.08,50,94,0.347,5.75,6.28,144,4,7,22,1256.0,1524,876,803,174,433,913,95,5702,1.558,10.9,1.2,3.1,6.5,2.11,29.5,4.55,144,5484,4937,655,1360,274,17,119,625,374,1017,0.276,0.332,0.41,0.742,2025,118,66,62,45
49,50,2017,Samsung Lions,28.5,6.33,55,84,0.396,5.88,6.4,144,1,3,27,1281.1,1541,911,837,187,548,1063,118,5916,1.63,10.8,1.3,3.8,7.5,1.94,29.2,5.26,144,5707,5095,757,1419,255,36,145,703,429,983,0.279,0.34,0.428,0.768,2181,97,70,58,55
50,51,2016,Doosan Bears,29.1,4.74,93,50,0.65,4.45,4.77,144,2,7,36,1287.2,1385,682,636,136,498,982,77,5658,1.462,9.7,1.0,3.5,6.9,1.97,27.7,6.49,144,5841,5044,935,1504,284,25,183,877,600,884,0.298,0.378,0.473,0.851,2387,121,86,43,68
51,52,2016,NC Dinos,26.2,4.79,83,58,0.589,4.48,4.83,144,0,10,36,1286.1,1314,690,640,137,516,1147,86,5643,1.423,9.2,1.0,3.6,8.0,2.22,29.5,5.95,144,5831,5007,857,1457,249,19,169,808,609,1023,0.291,0.375,0.45,0.824,2251,133,93,70,52
52,53,2016,Nexen Heroes,27.6,5.26,77,66,0.538,4.96,5.32,144,0,4,38,1280.1,1487,757,705,152,435,895,68,5684,1.501,10.5,1.1,3.1,6.3,2.06,27.2,5.65,144,5702,4990,813,1464,254,39,134,765,556,956,0.293,0.368,0.441,0.808,2198,121,63,34,59
53,54,2016,SK Wyverns,28.5,5.44,69,75,0.479,4.87,5.54,144,1,5,31,1274.0,1386,784,689,151,527,945,76,5659,1.502,9.8,1.1,3.7,6.7,1.79,29.1,5.23,144,5672,5023,753,1464,234,19,182,715,429,1018,0.292,0.356,0.454,0.811,2282,104,102,71,47
54,55,2016,Kia Tigers,28.1,5.45,70,73,0.49,4.97,5.54,144,7,5,38,1276.0,1456,785,705,131,561,965,59,5771,1.581,10.3,0.9,4.0,6.8,1.72,29.3,5.58,144,5696,4999,803,1429,264,28,170,754,499,997,0.286,0.358,0.452,0.81,2259,109,87,66,45
55,56,2016,LG Twins,28.9,5.6,71,71,0.5,5.04,5.64,144,2,5,34,1287.2,1426,807,721,122,539,909,109,5782,1.526,10.0,0.9,3.8,6.4,1.69,29.0,5.46,144,5765,5051,786,1464,238,26,118,744,523,982,0.29,0.361,0.417,0.779,2108,92,72,65,54
56,57,2016,Lotte Giants,28.4,6.01,66,78,0.458,5.63,6.15,144,2,5,27,1266.1,1486,865,792,161,585,1009,78,5785,1.635,10.6,1.1,4.2,7.2,1.72,29.0,5.4,144,5783,5001,777,1439,252,20,127,732,596,1061,0.288,0.37,0.422,0.793,2112,120,83,62,41
57,58,2016,Samsung Lions,28.8,6.03,65,78,0.455,5.64,6.1,144,2,4,34,1282.1,1507,869,804,193,518,935,87,5799,1.579,10.6,1.4,3.6,6.6,1.81,29.7,5.92,144,5863,5093,852,1492,249,34,142,792,552,864,0.293,0.367,0.439,0.806,2235,119,75,88,55
58,59,2016,Hanwha Eagles,30.5,6.31,66,75,0.468,5.76,6.32,144,1,2,24,1292.2,1520,908,827,155,634,976,76,5937,1.666,10.6,1.1,4.4,6.8,1.54,30.4,5.74,144,5838,5109,826,1478,242,27,142,787,510,1025,0.289,0.362,0.431,0.792,2200,123,91,87,41
59,60,2016,KT Wiz,25.4,6.44,53,89,0.373,5.92,6.55,144,1,2,27,1273.0,1593,927,838,145,560,980,84,5896,1.691,11.3,1.0,4.0,6.9,1.75,29.9,4.67,144,5620,4963,672,1369,214,11,116,639,499,933,0.276,0.345,0.394,0.738,1953,130,48,65,45
60,61,2015,NC Dinos,27.9,4.55,84,57,0.596,4.26,4.61,144,1,11,37,1279.1,1283,655,605,149,436,1057,113,5536,1.344,9.0,1.0,3.1,7.4,2.42,28.9,5.86,144,5726,4967,844,1437,283,28,161,802,536,1023,0.289,0.367,0.455,0.822,2259,105,106,64,53
61,62,2015,Samsung Lions,30.3,4.97,88,56,0.611,4.69,5.05,144,4,7,34,1275.1,1323,716,665,182,423,1194,64,5523,1.369,9.3,1.3,3.0,8.4,2.82,29.1,6.23,144,5803,5019,897,1515,259,25,176,850,581,930,0.302,0.378,0.469,0.847,2352,109,70,76,57
62,63,2015,LG Twins,28.9,5.01,64,78,0.451,4.62,5.07,144,3,5,25,1279.2,1352,721,657,125,490,1063,98,5599,1.439,9.5,0.9,3.4,7.5,2.17,28.8,4.53,144,5599,4941,653,1331,252,22,114,601,462,1076,0.269,0.339,0.399,0.738,1969,98,80,75,41
63,64,2015,SK Wyverns,28.3,5.03,69,73,0.486,4.71,5.09,144,3,7,31,1280.2,1358,724,670,153,517,1149,70,5646,1.464,9.5,1.1,3.6,8.1,2.22,29.6,4.81,144,5588,4861,693,1323,214,10,145,656,490,1047,0.272,0.349,0.41,0.759,1992,113,98,110,29
64,65,2015,Kia Tigers,28.4,5.13,67,77,0.465,4.79,5.22,144,1,10,32,1273.0,1371,739,678,143,572,979,98,5673,1.526,9.7,1.0,4.0,6.9,1.71,29.4,4.5,144,5454,4777,648,1197,223,22,136,602,454,1126,0.251,0.326,0.392,0.718,1872,105,101,79,43
65,66,2015,Doosan Bears,27.9,5.39,79,65,0.549,5.02,5.43,144,3,10,30,1286.0,1385,776,718,138,584,1064,77,5762,1.531,9.7,1.0,4.1,7.4,1.82,27.7,5.6,144,5758,4957,807,1436,254,22,140,770,567,820,0.29,0.37,0.435,0.804,2154,139,99,75,60
66,67,2015,Nexen Heroes,27.5,5.49,78,65,0.545,4.91,5.53,144,1,7,29,1286.0,1404,790,701,146,518,1066,81,5709,1.495,9.8,1.0,3.6,7.5,2.06,27.3,6.28,144,5811,5069,904,1512,304,20,203,855,544,1098,0.298,0.372,0.486,0.858,2465,112,82,61,55
67,68,2015,Hanwha Eagles,30.4,5.56,68,76,0.472,5.11,5.63,144,5,7,32,1279.2,1349,800,727,157,648,920,96,5771,1.561,9.5,1.1,4.6,6.5,1.42,30.1,4.98,144,5716,4852,717,1316,218,19,130,667,581,1135,0.271,0.36,0.404,0.764,1962,112,109,139,35
68,69,2015,Lotte Giants,30.3,5.57,66,77,0.462,5.07,5.63,144,3,5,19,1281.1,1461,802,722,164,489,1015,87,5724,1.522,10.3,1.2,3.4,7.1,2.08,28.7,5.31,144,5680,4972,765,1393,254,19,177,727,532,1186,0.28,0.356,0.446,0.802,2216,136,68,80,28
69,70,2015,KT Wiz,25.9,6.08,52,91,0.364,5.56,6.22,144,3,3,16,1266.2,1518,875,782,154,577,1046,87,5799,1.654,10.8,1.1,4.1,7.4,1.81,28.9,4.65,144,5604,4927,670,1344,221,15,129,633,507,1112,0.273,0.345,0.402,0.748,1982,118,58,75,37
70,71,2014,NC Dinos,27.5,4.75,70,57,0.551,4.29,4.82,128,3,4,31,1135.2,1174,608,541,117,481,848,73,5003,1.457,9.3,0.9,3.8,6.7,1.76,28.4,5.76,128,5031,4426,737,1249,228,36,143,697,443,918,0.282,0.353,0.447,0.8,1978,90,67,44,51
71,72,2014,Samsung Lions,30.2,4.85,78,47,0.624,4.52,4.89,128,3,6,35,1144.0,1217,621,575,120,395,996,61,4990,1.409,9.6,0.9,3.1,7.8,2.52,29.1,6.34,128,5152,4464,812,1345,238,23,161,763,507,743,0.301,0.377,0.473,0.85,2112,88,62,76,43
72,73,2014,LG Twins,29.1,5.02,62,64,0.492,4.58,5.06,128,2,9,35,1142.2,1211,643,581,104,419,810,95,5028,1.426,9.5,0.8,3.3,6.4,1.93,30.5,5.22,128,5070,4349,668,1214,213,22,90,622,524,817,0.279,0.361,0.4,0.761,1741,112,63,77,57
73,74,2014,Nexen Heroes,27.9,5.59,78,48,0.619,5.25,5.69,128,0,3,35,1131.2,1299,716,660,142,516,901,61,5107,1.604,10.3,1.1,4.1,7.2,1.75,27.5,6.57,128,5163,4434,841,1323,275,31,199,786,523,849,0.298,0.382,0.509,0.891,2257,100,101,65,40
74,75,2014,Lotte Giants,32.4,5.62,58,69,0.457,5.19,5.71,128,0,4,28,1133.1,1310,719,654,127,471,781,52,5092,1.571,10.4,1.0,3.7,6.2,1.66,28.6,5.59,128,5194,4487,716,1288,252,26,121,685,534,964,0.287,0.369,0.436,0.804,1955,95,70,62,41
75,76,2014,Doosan Bears,28.2,5.73,59,68,0.465,5.43,5.87,128,4,2,19,1123.2,1311,733,678,121,450,840,58,5066,1.567,10.5,1.0,3.6,6.7,1.87,27.8,5.37,128,5083,4427,687,1299,235,26,108,646,468,731,0.293,0.366,0.431,0.798,1910,103,64,81,43
76,77,2014,SK Wyverns,28.9,5.94,61,65,0.484,5.51,6.06,128,2,3,26,1129.1,1271,760,692,153,522,837,68,5112,1.588,10.1,1.2,4.2,6.7,1.6,29.0,5.74,128,5082,4423,735,1285,245,22,115,696,447,926,0.291,0.362,0.434,0.795,1919,92,72,91,49
77,78,2014,Kia Tigers,28.9,6.16,54,74,0.422,5.82,6.32,128,2,5,26,1121.2,1289,788,725,116,561,896,67,5143,1.649,10.3,0.9,4.5,7.2,1.6,29.1,5.17,128,5023,4443,662,1279,246,27,121,631,416,870,0.288,0.355,0.437,0.792,1942,95,62,67,35
78,79,2014,Hanwha Eagles,27.0,6.95,49,77,0.389,6.35,7.09,128,2,3,26,1129.0,1451,889,796,162,537,748,81,5312,1.761,11.6,1.3,4.3,6.0,1.39,29.3,4.84,128,5055,4417,619,1251,223,24,104,594,490,839,0.283,0.359,0.415,0.774,1834,125,55,50,43
79,80,2013,LG Twins,29.8,3.98,74,54,0.578,3.72,4.05,128,4,9,42,1134.2,1131,510,469,74,406,822,87,4848,1.355,9.0,0.6,3.2,6.5,2.02,29.9,4.81,128,4934,4291,616,1210,194,38,59,574,451,806,0.282,0.355,0.386,0.741,1657,80,59,91,42
80,81,2013,Samsung Lions,28.5,4.26,75,51,0.595,3.98,4.28,128,2,5,31,1146.2,1119,545,507,98,411,955,60,4896,1.334,8.8,0.8,3.2,7.5,2.32,29.1,5.23,128,5041,4370,669,1235,212,17,113,624,453,818,0.283,0.359,0.417,0.776,1820,98,93,84,41
81,82,2013,NC Dinos,25.7,4.3,52,72,0.419,3.96,4.33,128,5,5,26,1144.1,1077,551,503,96,458,857,94,4919,1.341,8.5,0.8,3.6,6.7,1.87,27.1,4.0,128,4864,4282,512,1045,209,25,86,485,434,955,0.244,0.32,0.365,0.685,1562,94,62,55,31
82,83,2013,Lotte Giants,31.2,4.32,66,58,0.532,3.93,4.33,128,1,11,38,1149.1,1148,553,502,84,489,820,62,4986,1.424,9.0,0.7,3.8,6.4,1.68,28.1,4.34,128,4978,4289,556,1118,208,18,61,522,502,862,0.261,0.345,0.36,0.705,1545,92,72,74,41
83,84,2013,SK Wyverns,28.2,4.46,62,63,0.496,4.16,4.51,128,4,8,31,1139.0,1091,571,527,101,505,878,70,4932,1.401,8.6,0.8,4.0,6.9,1.74,29.4,4.59,128,4949,4278,588,1134,189,20,124,558,465,918,0.265,0.346,0.406,0.752,1735,99,86,83,37
84,85,2013,Nexen Heroes,29.6,4.5,72,54,0.571,4.12,4.52,128,0,7,50,1146.1,1160,576,525,75,503,860,84,4996,1.451,9.1,0.6,3.9,6.8,1.71,27.7,5.05,128,5015,4294,646,1167,209,11,125,607,505,912,0.272,0.358,0.413,0.771,1773,94,98,76,42
85,86,2013,Doosan Bears,28.5,4.88,71,54,0.568,4.57,4.89,128,1,8,30,1150.1,1183,625,584,84,514,848,76,5043,1.475,9.3,0.7,4.0,6.6,1.65,28.2,5.46,128,5142,4401,699,1271,217,37,95,654,524,717,0.289,0.37,0.42,0.79,1847,105,79,82,56
86,87,2013,Hanwha Eagles,26.8,5.55,42,85,0.331,5.31,5.67,128,2,2,22,1129.0,1195,711,666,98,532,822,95,5073,1.53,9.5,0.8,4.2,6.6,1.55,28.8,3.75,128,4914,4271,480,1106,212,13,47,448,479,933,0.259,0.343,0.348,0.69,1485,140,80,54,30
87,88,2013,Kia Tigers,28.0,5.55,51,74,0.408,5.12,5.6,128,2,3,32,1142.1,1307,711,650,88,532,923,76,5200,1.61,10.3,0.7,4.2,7.3,1.74,27.9,4.59,128,5050,4318,587,1125,195,13,88,545,537,864,0.261,0.349,0.373,0.722,1610,110,75,78,42
88,89,2012,Samsung Lions,29.0,3.56,80,51,0.611,3.39,3.58,133,3,13,39,1187.2,1085,473,448,65,384,885,37,4941,1.237,8.2,0.5,2.9,6.7,2.3,28.9,4.72,133,5160,4436,628,1205,200,26,89,585,500,813,0.272,0.353,0.389,0.742,1724,91,86,91,47
89,90,2012,Lotte Giants,29.9,3.89,65,62,0.512,3.48,3.92,133,3,9,39,1190.1,1145,518,460,74,469,825,53,5070,1.356,8.7,0.6,3.5,6.2,1.76,28.3,3.83,133,5043,4481,509,1179,202,16,73,479,375,890,0.263,0.326,0.364,0.69,1632,91,54,107,26
90,91,2012,Doosan Bears,28.3,3.9,68,62,0.523,3.58,3.91,133,9,12,38,1193.1,1053,519,475,66,491,802,57,5012,1.294,7.9,0.5,3.7,6.0,1.63,26.8,3.94,133,4937,4379,524,1139,172,26,59,490,362,659,0.26,0.322,0.352,0.673,1540,129,54,102,40
91,92,2012,SK Wyverns,28.7,3.97,71,59,0.546,3.82,4.02,133,0,10,40,1181.1,1114,528,502,90,457,814,70,5007,1.33,8.5,0.7,3.5,6.2,1.78,29.7,4.24,133,4996,4347,564,1120,197,15,108,523,445,864,0.258,0.333,0.384,0.717,1671,85,58,118,28
92,93,2012,Nexen Heroes,28.0,4.14,61,69,0.469,3.83,4.18,133,3,6,36,1187.1,1131,551,505,80,535,853,74,5116,1.403,8.6,0.6,4.1,6.5,1.59,27.5,4.13,133,5021,4338,549,1056,189,28,102,509,476,892,0.243,0.325,0.37,0.696,1607,79,72,92,43
93,94,2012,Kia Tigers,27.8,4.24,62,65,0.488,3.9,4.29,133,11,15,27,1183.2,1161,564,513,69,452,822,68,5101,1.363,8.8,0.5,3.4,6.3,1.82,27.2,4.16,133,5131,4348,553,1112,197,19,54,518,544,790,0.256,0.343,0.347,0.69,1509,100,60,132,47
94,95,2012,LG Twins,28.1,4.36,57,72,0.442,4.02,4.34,133,1,11,35,1202.0,1235,580,537,65,422,735,71,5188,1.379,9.2,0.5,3.2,5.5,1.74,29.4,4.09,133,5180,4539,544,1184,212,18,59,512,458,857,0.261,0.332,0.355,0.687,1609,107,53,80,50
95,96,2012,Hanwha Eagles,28.0,4.86,53,77,0.408,4.55,4.97,133,3,6,29,1172.1,1148,647,593,106,488,936,68,5092,1.396,8.8,0.8,3.7,7.2,1.92,29.1,3.83,133,5057,4331,509,1077,208,12,71,479,538,907,0.249,0.338,0.351,0.69,1522,102,61,100,27
96,97,2011,Samsung Lions,28.0,3.86,79,50,0.612,3.35,3.86,133,1,12,48,1196.1,1191,513,445,92,395,841,38,5077,1.326,9.0,0.7,3.0,6.3,2.13,28.0,4.7,133,5144,4437,625,1150,193,20,95,585,522,940,0.259,0.343,0.376,0.719,1668,97,69,73,43
97,98,2011,SK Wyverns,28.9,3.92,71,59,0.546,3.59,3.94,133,1,9,37,1192.1,1001,522,476,93,541,1006,65,5032,1.293,7.6,0.7,4.1,7.6,1.86,29.4,4.39,133,5124,4404,584,1157,204,18,100,561,470,891,0.263,0.34,0.385,0.726,1697,88,67,147,36
98,99,2011,Kia Tigers,27.5,4.36,70,63,0.526,4.1,4.49,133,7,10,29,1163.2,1117,580,530,87,457,920,76,4991,1.353,8.6,0.7,3.5,7.1,2.01,27.8,4.71,133,5129,4373,627,1177,204,15,106,597,554,782,0.269,0.357,0.395,0.752,1729,110,59,109,34
99,100,2011,Lotte Giants,28.0,4.65,72,56,0.563,4.2,4.69,133,3,6,27,1187.0,1256,619,554,113,430,787,58,5114,1.42,9.5,0.9,3.3,6.0,1.83,27.6,5.36,133,5234,4599,713,1324,226,30,111,666,466,836,0.288,0.358,0.423,0.781,1943,124,64,61,44
100,101,2011,Doosan Bears,27.9,4.65,61,70,0.466,4.26,4.69,133,4,7,34,1188.2,1231,619,563,96,476,855,75,5170,1.436,9.3,0.7,3.6,6.5,1.8,26.8,4.62,133,5204,4498,614,1221,196,27,92,578,513,799,0.272,0.354,0.388,0.742,1747,118,81,73,39
101,102,2011,LG Twins,26.4,4.66,59,72,0.45,4.15,4.67,133,2,11,30,1193.2,1173,620,550,80,512,827,71,5209,1.412,8.8,0.6,3.9,6.2,1.62,29.3,4.35,133,5157,4522,579,1203,192,15,94,539,463,858,0.266,0.338,0.378,0.716,1707,106,49,86,37
102,103,2011,Nexen Heroes,27.3,4.68,51,80,0.389,4.36,4.78,133,0,10,30,1171.1,1167,622,568,81,601,830,76,5195,1.509,9.0,0.6,4.6,6.4,1.38,28.9,3.85,133,4989,4343,512,1065,187,23,79,472,460,992,0.245,0.323,0.353,0.676,1535,94,51,103,32
103,104,2011,Hanwha Eagles,25.4,5.47,59,72,0.45,5.11,5.57,133,4,6,26,1175.0,1273,727,667,128,524,938,55,5280,1.529,9.8,1.0,4.0,7.2,1.79,29.9,4.27,133,5084,4367,568,1112,160,14,93,536,488,906,0.255,0.338,0.362,0.7,1579,93,74,130,25
104,105,2010,SK Wyverns,28.7,4.1,84,47,0.641,3.71,4.09,133,2,11,36,1198.1,1074,545,494,117,543,1091,47,5114,1.349,8.1,0.9,4.1,8.2,2.01,28.6,5.29,133,5213,4439,704,1217,222,16,120,648,485,813,0.274,0.355,0.413,0.768,1831,86,98,147,44
105,106,2010,Samsung Lions,27.2,4.32,79,52,0.603,3.94,4.34,133,2,7,33,1193.2,1168,575,523,103,453,951,54,5119,1.358,8.8,0.8,3.4,7.2,2.1,27.8,5.12,133,5287,4436,681,1207,212,14,118,630,621,916,0.272,0.368,0.406,0.774,1801,111,75,111,44
106,107,2010,Kia Tigers,27.6,4.82,59,74,0.444,4.39,4.87,133,4,7,25,1183.2,1227,641,577,93,468,885,81,5205,1.432,9.3,0.7,3.6,6.7,1.89,27.4,4.59,133,5166,4416,611,1148,190,17,106,574,523,865,0.26,0.347,0.383,0.73,1690,110,85,109,33
107,108,2010,Nexen Heroes,26.5,4.9,52,78,0.4,4.55,4.95,133,1,2,27,1185.2,1162,652,599,122,614,832,95,5231,1.498,8.8,0.9,4.7,6.3,1.36,29.7,4.29,133,5138,4452,570,1165,199,20,87,539,480,874,0.262,0.34,0.374,0.714,1665,119,68,95,43
108,109,2010,Doosan Bears,26.1,5.03,73,57,0.562,4.62,5.1,133,2,7,30,1179.2,1190,669,606,135,437,888,85,5131,1.379,9.1,1.0,3.3,6.8,2.03,26.4,5.5,133,5252,4538,731,1276,224,25,149,706,533,834,0.281,0.365,0.44,0.805,1997,97,89,54,38
109,110,2010,Lotte Giants,26.4,5.34,69,61,0.531,4.82,5.35,133,7,6,21,1194.0,1291,710,640,149,419,779,78,5204,1.432,9.7,1.1,3.2,5.9,1.86,27.9,5.81,133,5261,4673,773,1345,220,16,185,739,420,873,0.288,0.352,0.461,0.813,2152,105,67,60,41
110,111,2010,LG Twins,29.1,5.61,57,71,0.445,5.23,5.65,133,3,8,31,1188.0,1279,746,690,125,560,793,104,5326,1.548,9.7,0.9,4.2,6.0,1.42,28.5,5.17,133,5270,4604,688,1270,223,17,121,652,486,907,0.276,0.349,0.411,0.759,1890,97,54,82,44
111,112,2010,Hanwha Eagles,26.1,5.74,49,82,0.374,5.43,5.87,133,6,6,24,1169.1,1290,763,705,146,551,806,72,5267,1.574,9.9,1.1,4.2,6.2,1.46,28.1,4.08,133,5006,4321,543,1053,160,13,104,508,497,943,0.244,0.331,0.359,0.69,1551,106,80,75,33
112,113,2009,SK Wyverns,27.6,4.14,80,47,0.63,3.67,4.08,133,2,4,33,1213.0,1141,550,494,130,519,1032,54,5203,1.369,8.5,1.0,3.9,7.7,1.99,27.9,5.5,133,5378,4574,732,1303,235,17,166,693,552,892,0.285,0.369,0.453,0.822,2070,103,84,128,40
113,114,2009,Kia Tigers,27.0,4.37,81,48,0.628,3.92,4.36,133,4,10,38,1199.0,1178,581,522,108,441,893,83,5176,1.35,8.8,0.8,3.3,6.7,2.02,28.4,5.31,133,5215,4455,706,1191,197,24,156,671,579,890,0.267,0.357,0.427,0.785,1904,112,66,74,41
114,115,2009,Doosan Bears,24.8,4.98,71,60,0.542,4.6,5.02,133,1,6,32,1186.1,1221,662,607,120,515,862,75,5205,1.463,9.3,0.9,3.9,6.5,1.67,26.0,5.43,133,5265,4591,722,1286,215,33,120,669,522,849,0.28,0.362,0.42,0.781,1927,128,86,26,40
115,116,2009,Lotte Giants,27.6,5.03,66,67,0.496,4.75,5.18,133,6,13,40,1162.1,1290,669,613,139,487,722,67,5165,1.529,10.0,1.1,3.8,5.6,1.48,27.7,4.79,133,5053,4420,637,1223,252,15,121,597,456,816,0.277,0.35,0.423,0.773,1868,121,68,60,49
116,117,2009,Samsung Lions,25.9,5.26,64,69,0.481,4.98,5.41,133,3,2,32,1163.2,1226,700,644,141,609,905,56,5209,1.577,9.5,1.1,4.7,7.0,1.49,27.8,5.15,133,5220,4459,685,1224,233,15,146,650,584,789,0.275,0.364,0.432,0.796,1925,108,67,67,43
117,118,2009,Woori Heroes,26.3,5.73,60,72,0.455,5.4,5.84,133,0,5,29,1174.1,1231,762,705,176,565,840,61,5221,1.529,9.4,1.3,4.3,6.4,1.49,29.3,5.14,133,5208,4486,683,1219,228,20,153,650,547,905,0.272,0.356,0.434,0.789,1946,116,63,64,48
118,119,2009,LG Twins,27.6,5.74,54,75,0.419,5.42,5.84,133,0,3,25,1175.0,1316,763,707,165,585,777,91,5339,1.618,10.1,1.3,4.5,6.0,1.33,29.8,5.04,133,5248,4505,670,1251,182,21,129,627,552,781,0.278,0.36,0.413,0.773,1862,124,49,97,45
119,120,2009,Hanwha Eagles,26.7,6.05,46,84,0.354,5.7,6.17,133,4,2,16,1174.0,1335,805,743,176,569,908,77,5346,1.622,10.2,1.3,4.4,7.0,1.6,28.4,4.94,133,5273,4620,657,1241,211,13,164,629,498,1017,0.269,0.348,0.426,0.774,1970,126,81,43,31
120,121,2008,SK Wyverns,28.2,3.66,83,43,0.659,3.22,3.6,126,1,10,43,1151.0,1053,461,412,78,448,801,55,4855,1.304,8.2,0.6,3.5,6.3,1.79,27.1,5.02,126,5003,4332,632,1222,215,23,89,591,491,735,0.282,0.361,0.404,0.765,1750,99,62,80,38
121,122,2008,Lotte Giants,28.5,4.11,69,57,0.548,3.64,4.17,126,9,5,27,1119.0,1134,518,453,70,409,671,47,4769,1.379,9.1,0.6,3.3,5.4,1.64,27.7,4.95,126,4890,4256,624,1200,199,22,93,590,445,728,0.282,0.357,0.405,0.761,1722,97,76,62,51
122,123,2008,Doosan Bears,26.2,4.3,70,56,0.556,3.89,4.3,126,0,8,26,1134.2,1115,542,490,78,379,780,69,4857,1.317,8.8,0.6,3.0,6.2,2.06,26.6,5.13,126,4974,4344,647,1198,166,37,68,598,472,719,0.276,0.354,0.378,0.732,1642,115,78,36,44
123,124,2008,Kia Tigers,25.7,4.4,57,69,0.452,4.08,4.44,126,3,9,29,1124.0,1078,555,510,65,473,733,77,4850,1.38,8.6,0.5,3.8,5.9,1.55,27.9,3.99,126,4831,4210,503,1095,188,28,48,465,453,642,0.26,0.336,0.352,0.689,1483,97,48,85,35
124,125,2008,Hanwha Eagles,28.8,4.72,64,62,0.508,4.43,4.74,126,3,5,36,1129.2,1136,595,556,95,519,723,49,4911,1.465,9.1,0.8,4.1,5.8,1.39,28.4,4.7,126,4882,4275,592,1086,204,20,120,566,463,770,0.254,0.333,0.395,0.728,1690,100,57,52,35
125,126,2008,Samsung Lions,28.2,4.73,65,61,0.516,4.4,4.78,126,0,6,40,1123.1,1184,596,549,87,416,703,43,4867,1.424,9.5,0.7,3.3,5.6,1.69,29.0,4.42,126,4858,4180,557,1078,186,16,92,520,505,699,0.258,0.344,0.376,0.72,1572,115,65,70,38
126,127,2008,Woori Heroes,27.0,4.83,50,76,0.397,4.43,4.87,126,4,10,29,1125.1,1159,609,554,91,465,729,70,4933,1.443,9.3,0.7,3.7,5.8,1.57,29.3,3.96,126,4834,4317,499,1149,190,19,70,471,396,713,0.266,0.331,0.368,0.698,1587,114,37,51,33
127,128,2008,LG Twins,27.0,5.13,46,80,0.365,4.85,5.25,126,1,9,25,1108.1,1239,646,597,82,480,631,72,4976,1.551,10.1,0.7,3.9,5.1,1.31,29.3,3.71,126,4742,4184,468,1070,164,23,66,447,364,765,0.256,0.321,0.353,0.674,1478,90,59,85,50
128,129,2007,SK Wyverns,28.9,3.69,73,48,0.603,3.24,3.67,126,1,10,36,1139.1,1079,465,410,77,445,650,67,4852,1.338,8.5,0.6,3.5,5.1,1.46,27.5,4.79,126,4881,4236,603,1118,212,20,112,568,442,750,0.264,0.341,0.403,0.744,1706,86,76,87,40
129,130,2007,Doosan Bears,26.3,3.81,70,54,0.565,3.44,3.82,126,6,14,30,1131.1,1067,480,432,74,399,721,75,4814,1.296,8.5,0.6,3.2,5.7,1.81,27.0,4.59,126,4855,4199,578,1103,209,32,78,543,449,748,0.263,0.343,0.383,0.726,1610,102,88,68,51
130,131,2007,Hanwha Eagles,29.1,3.82,67,57,0.54,3.54,3.87,126,9,5,39,1119.0,1084,481,440,84,451,741,53,4781,1.372,8.7,0.7,3.6,6.0,1.64,29.7,4.24,126,4805,4128,534,1050,165,13,104,502,506,705,0.254,0.342,0.376,0.718,1553,128,56,87,28
131,132,2007,Samsung Lions,27.5,4.04,62,60,0.508,3.71,4.05,126,0,11,41,1131.2,1091,509,466,90,400,719,58,4824,1.318,8.7,0.7,3.2,5.7,1.8,30.6,3.94,126,4894,4186,497,1062,191,9,86,469,511,678,0.254,0.341,0.365,0.706,1529,93,63,95,39
132,133,2007,Lotte Giants,28.7,4.4,55,68,0.447,4.12,4.45,126,2,9,22,1120.2,1164,554,513,93,414,704,69,4871,1.408,9.3,0.7,3.3,5.7,1.7,26.8,4.23,126,4894,4273,533,1152,193,18,76,501,405,763,0.27,0.34,0.377,0.717,1609,87,73,104,39
133,134,2007,LG Twins,28.7,4.76,58,62,0.483,4.33,4.75,126,2,9,34,1135.2,1181,600,547,63,514,630,52,5014,1.493,9.4,0.5,4.1,5.0,1.23,28.5,4.22,126,4933,4322,532,1160,186,19,78,508,431,704,0.268,0.338,0.374,0.713,1618,107,48,89,43
134,135,2007,Kia Tigers,23.8,4.78,51,74,0.408,4.49,4.88,126,2,6,26,1109.2,1109,602,554,103,526,670,97,4933,1.473,9.0,0.8,4.3,5.4,1.27,28.1,3.96,126,4810,4204,499,1080,198,16,73,465,428,630,0.257,0.33,0.364,0.694,1529,117,55,78,45
135,136,2007,Hyundai Unicorns,26.8,4.88,56,69,0.448,4.41,4.91,126,1,2,27,1127.0,1104,615,552,119,466,796,48,4906,1.393,8.8,1.0,3.7,6.4,1.71,29.6,4.21,126,4920,4260,530,1154,178,7,96,507,443,653,0.271,0.346,0.384,0.729,1634,111,60,125,32
136,137,2006,Kia Tigers,24.0,3.58,64,59,0.52,3.33,3.63,126,2,9,35,1118.1,998,451,414,73,442,735,78,4725,1.288,8.0,0.6,3.6,5.9,1.66,27.6,3.78,126,4754,4181,476,1067,191,22,62,431,390,650,0.255,0.325,0.356,0.681,1488,90,55,102,26
137,138,2006,Hyundai Unicorns,27.1,3.71,70,55,0.56,3.41,3.77,126,2,15,41,1114.2,1053,467,422,69,394,816,71,4771,1.298,8.5,0.6,3.2,6.6,2.07,30.1,4.34,126,4798,4092,547,1104,172,9,92,518,444,628,0.27,0.35,0.384,0.734,1570,108,77,153,32
138,139,2006,Doosan Bears,26.4,3.71,63,60,0.512,3.36,3.77,126,7,10,39,1115.2,968,467,416,69,424,834,69,4690,1.248,7.8,0.6,3.4,6.7,1.97,28.3,3.61,126,4706,4147,455,1068,152,28,55,425,368,635,0.258,0.328,0.348,0.676,1441,102,83,81,27
139,140,2006,Samsung Lions,27.4,3.74,73,50,0.593,3.33,3.79,126,1,15,49,1118.0,1030,471,414,100,365,781,63,4699,1.248,8.3,0.8,2.9,6.3,2.14,29.8,4.27,126,4779,4091,538,1043,192,9,73,505,477,689,0.255,0.341,0.36,0.701,1472,107,79,90,42
140,141,2006,Hanwha Eagles,30.2,3.77,67,57,0.54,3.35,3.81,126,11,14,41,1121.1,1077,475,418,94,373,760,49,4731,1.293,8.6,0.8,3.0,6.1,2.04,29.2,4.06,126,4769,4170,511,1057,191,3,110,481,442,800,0.254,0.331,0.38,0.711,1584,120,59,68,30
141,142,2006,SK Wyverns,26.2,4.25,60,65,0.48,3.8,4.28,126,0,6,33,1124.0,1071,535,475,85,446,701,83,4819,1.35,8.6,0.7,3.6,5.6,1.57,27.0,4.04,126,4793,4177,509,1059,171,19,99,488,424,859,0.254,0.329,0.375,0.704,1565,84,63,96,33
142,143,2006,Lotte Giants,27.7,4.29,50,73,0.407,3.86,4.35,126,5,9,28,1118.2,1128,541,480,83,410,637,60,4822,1.375,9.1,0.7,3.3,5.1,1.55,26.9,3.87,126,4765,4137,488,1034,173,3,88,463,418,815,0.25,0.327,0.357,0.684,1477,84,65,124,21
143,144,2006,LG Twins,26.9,4.56,47,75,0.385,4.22,4.65,126,3,10,29,1110.0,1144,574,521,87,439,625,60,4834,1.426,9.3,0.7,3.6,5.1,1.42,27.7,3.63,126,4723,4217,457,1037,181,16,81,430,330,813,0.246,0.306,0.354,0.66,1493,86,52,92,32
144,145,2005,Doosan Bears,24.7,3.69,72,51,0.585,3.42,3.72,126,2,14,33,1125.0,1038,465,427,90,440,818,77,4774,1.314,8.3,0.7,3.5,6.5,1.86,29.2,4.73,126,4922,4256,596,1147,183,17,63,558,465,701,0.27,0.351,0.365,0.715,1553,93,85,81,35
145,146,2005,SK Wyverns,26.6,3.85,70,50,0.583,3.41,3.84,126,2,10,27,1137.0,1005,485,431,103,422,843,99,4822,1.255,8.0,0.8,3.3,6.7,2.0,28.4,4.67,126,4984,4230,589,1139,174,12,122,559,495,806,0.269,0.355,0.403,0.757,1703,88,85,136,38
146,147,2005,Samsung Lions,26.8,4.19,74,48,0.607,3.83,4.21,126,2,7,37,1129.1,1026,528,480,109,387,875,79,4791,1.251,8.2,0.9,3.1,7.0,2.26,29.0,4.87,126,4975,4234,614,1134,178,6,111,575,500,748,0.268,0.357,0.391,0.749,1657,112,109,98,34
147,148,2005,Lotte Giants,27.3,4.55,58,67,0.464,4.3,4.6,126,2,6,33,1120.1,1097,573,535,91,408,817,89,4845,1.343,8.8,0.7,3.3,6.6,2.0,26.6,3.97,126,4722,4177,500,1058,202,23,83,470,361,856,0.253,0.322,0.372,0.694,1555,83,70,94,20
148,149,2005,Hanwha Eagles,29.3,4.79,64,61,0.512,4.41,4.88,126,2,6,36,1111.0,1193,603,545,111,389,662,88,4870,1.424,9.7,0.9,3.2,5.4,1.7,28.3,4.94,126,4841,4304,622,1163,211,9,159,594,400,824,0.27,0.341,0.434,0.775,1869,121,75,31,31
149,150,2005,Hyundai Unicorns,26.1,5.13,53,70,0.431,4.68,5.22,126,2,9,28,1115.2,1175,647,580,125,422,803,80,4930,1.431,9.5,1.0,3.4,6.5,1.9,29.5,4.47,126,4899,4190,563,1071,168,16,134,529,458,817,0.256,0.344,0.399,0.743,1673,85,120,105,26
150,151,2005,Kia Tigers,25.5,5.23,49,76,0.392,4.81,5.37,126,8,5,24,1105.0,1166,659,591,138,510,786,119,4975,1.517,9.5,1.1,4.2,6.4,1.54,27.1,4.29,126,4848,4234,541,1102,183,13,99,507,430,718,0.26,0.337,0.38,0.717,1608,101,74,79,31
151,152,2005,LG Twins,27.2,5.29,54,71,0.432,4.9,5.44,126,3,7,31,1102.1,1212,666,600,109,480,781,80,4969,1.535,9.9,0.9,3.9,6.4,1.63,27.1,4.77,126,4785,4222,601,1098,189,21,105,554,349,915,0.26,0.327,0.389,0.717,1644,72,93,80,41
152,153,2004,Doosan Bears,26.3,4.21,70,62,0.53,3.88,4.28,133,4,12,38,1177.2,1144,560,508,95,457,799,75,5056,1.359,8.7,0.7,3.5,6.1,1.75,29.2,4.56,133,5109,4485,606,1200,202,19,89,573,433,780,0.268,0.342,0.381,0.723,1707,86,96,55,40
153,154,2004,Samsung Lions,25.6,4.24,73,52,0.584,3.76,4.24,133,4,9,42,1196.1,1092,564,500,118,505,994,85,5138,1.335,8.2,0.9,3.8,7.5,1.97,28.9,4.82,133,5170,4509,641,1215,225,9,132,600,460,704,0.27,0.346,0.411,0.757,1854,122,86,84,31
154,155,2004,Hyundai Unicorns,27.2,4.44,75,53,0.586,4.06,4.47,133,3,8,36,1187.0,1193,590,535,123,440,842,59,5135,1.376,9.0,0.9,3.3,6.4,1.91,29.1,5.2,133,5322,4480,692,1233,190,13,134,653,607,871,0.275,0.37,0.413,0.783,1851,109,86,111,38
155,156,2004,Lotte Giants,27.8,4.57,50,72,0.41,4.22,4.6,133,4,8,29,1190.1,1216,608,558,109,449,753,76,5160,1.399,9.2,0.8,3.4,5.7,1.68,27.4,4.01,133,5075,4462,533,1125,195,21,88,500,416,853,0.252,0.327,0.364,0.691,1626,99,92,74,31
156,157,2004,LG Twins,26.4,4.79,59,70,0.457,4.31,4.92,133,3,6,35,1164.1,1235,637,557,116,543,783,64,5180,1.527,9.5,0.9,4.2,6.1,1.44,27.9,4.42,133,5081,4432,588,1150,176,24,102,554,441,892,0.26,0.337,0.379,0.716,1680,89,95,73,40
157,158,2004,Kia Tigers,28.2,4.79,67,61,0.523,4.51,4.85,133,5,9,27,1183.0,1198,637,593,119,496,773,120,5199,1.432,9.1,0.9,3.8,5.9,1.56,28.0,4.83,133,5190,4426,643,1182,224,9,143,610,549,693,0.267,0.354,0.419,0.773,1853,118,79,82,54
158,159,2004,SK Wyverns,25.8,4.84,61,64,0.488,4.4,4.89,133,3,6,29,1186.1,1173,644,580,116,538,891,110,5216,1.442,8.9,0.9,4.1,6.8,1.66,28.9,4.92,133,5253,4499,655,1223,196,9,138,626,521,818,0.272,0.357,0.411,0.768,1851,98,93,105,35
159,160,2004,Hanwha Eagles,27.3,5.64,53,74,0.417,5.21,5.72,133,3,0,37,1180.2,1290,750,683,170,455,699,92,5267,1.478,9.8,1.3,3.5,5.3,1.54,26.9,4.75,133,5150,4519,632,1213,245,17,140,605,456,923,0.268,0.34,0.423,0.764,1912,107,54,88,33
160,161,2003,Kia Tigers,26.9,3.96,78,50,0.609,3.62,4.03,133,12,10,36,1178.0,1092,527,474,137,414,820,101,4999,1.278,8.3,1.0,3.2,6.3,1.98,26.6,4.94,133,5126,4448,657,1211,219,16,129,626,505,721,0.272,0.349,0.416,0.765,1849,72,42,94,37
161,162,2003,LG Twins,25.7,4.35,60,71,0.458,3.98,4.46,133,2,10,37,1169.2,1201,579,517,120,531,794,60,5166,1.481,9.2,0.9,4.1,6.1,1.5,27.8,3.83,133,4963,4375,509,1088,188,29,106,485,404,781,0.249,0.32,0.378,0.697,1652,90,70,74,40
162,163,2003,Samsung Lions,25.7,4.61,76,53,0.589,4.37,4.66,133,2,5,30,1183.0,1199,613,574,133,494,808,59,5150,1.431,9.1,1.0,3.8,6.1,1.64,28.8,5.78,133,5241,4564,769,1295,236,14,213,744,481,661,0.284,0.36,0.482,0.842,2198,131,85,73,38
163,164,2003,Hanwha Eagles,29.0,4.64,63,65,0.492,4.37,4.66,133,4,8,35,1192.0,1184,617,579,142,437,772,68,5165,1.36,8.9,1.1,3.3,5.8,1.77,26.9,4.34,133,5198,4458,577,1131,218,20,121,521,542,887,0.254,0.343,0.393,0.736,1752,89,75,102,21
164,165,2003,Doosan Bears,27.3,4.65,57,74,0.435,4.24,4.74,133,7,7,30,1175.2,1194,619,554,105,464,654,79,5144,1.41,9.1,0.8,3.6,5.0,1.41,29.1,4.23,133,5165,4536,563,1251,205,21,90,541,452,706,0.276,0.346,0.39,0.736,1768,121,62,63,52
165,166,2003,Hyundai Unicorns,27.1,4.71,80,51,0.611,4.13,4.74,133,2,4,39,1190.0,1245,627,546,120,457,840,62,5197,1.43,9.4,0.9,3.5,6.4,1.84,28.2,5.44,133,5312,4483,723,1280,208,15,175,673,543,727,0.286,0.374,0.456,0.829,2043,100,109,139,38
166,167,2003,SK Wyverns,25.8,4.83,66,64,0.508,4.44,4.89,133,3,10,43,1181.1,1190,642,583,135,497,759,83,5158,1.428,9.1,1.0,3.8,5.8,1.53,28.4,4.84,133,5157,4445,644,1208,209,16,156,612,464,763,0.272,0.35,0.431,0.781,1917,87,89,127,32
167,168,2003,Lotte Giants,27.1,5.33,39,91,0.3,5.01,5.48,133,3,4,22,1164.1,1302,709,648,171,435,647,93,5173,1.492,10.1,1.3,3.4,5.0,1.49,27.2,3.69,133,4987,4465,491,1143,232,18,73,451,338,848,0.256,0.317,0.365,0.682,1630,75,73,83,28
168,169,2002,Doosan Bears,27.2,4.23,66,65,0.504,3.93,4.28,133,3,6,38,1183.0,1139,562,517,99,479,954,60,5087,1.368,8.7,0.8,3.6,7.3,1.99,28.9,4.41,133,5083,4498,587,1173,174,21,130,556,434,794,0.261,0.331,0.396,0.726,1779,107,58,47,46
169,170,2002,LG Twins,28.1,4.32,66,61,0.52,3.93,4.35,133,2,9,32,1190.2,1119,575,520,135,501,896,100,5145,1.361,8.5,1.0,3.8,6.8,1.79,27.7,4.38,133,5120,4492,583,1173,212,22,100,541,412,951,0.261,0.332,0.385,0.717,1729,91,86,93,37
170,171,2002,Kia Tigers,28.3,4.36,78,51,0.605,3.92,4.37,133,10,7,38,1195.0,1185,580,520,151,370,862,97,5106,1.301,8.9,1.1,2.8,6.5,2.33,26.6,4.83,133,5200,4575,643,1230,220,14,120,611,454,914,0.269,0.344,0.402,0.746,1838,107,91,45,35
171,172,2002,Samsung Lions,26.3,4.37,82,47,0.636,3.92,4.37,133,2,8,37,1197.2,1182,581,521,148,385,987,74,5089,1.308,8.9,1.1,2.9,7.4,2.56,27.8,5.84,133,5303,4648,777,1321,266,16,191,731,469,804,0.284,0.36,0.472,0.831,2192,116,97,55,34
172,173,2002,Hyundai Unicorns,25.2,4.62,70,58,0.547,4.23,4.66,133,3,6,38,1186.1,1219,614,558,142,416,890,64,5131,1.378,9.2,1.1,3.2,6.8,2.14,27.8,4.95,133,5140,4444,658,1160,191,25,173,643,464,945,0.261,0.342,0.432,0.774,1920,82,99,99,34
173,174,2002,SK Wyverns,26.0,4.8,61,69,0.469,4.47,4.87,133,5,7,25,1179.0,1150,638,586,176,402,948,78,5074,1.316,8.8,1.3,3.1,7.2,2.36,27.6,4.65,133,5090,4475,618,1207,204,27,158,587,385,815,0.27,0.339,0.433,0.772,1939,94,100,96,34
174,175,2002,Hanwha Eagles,30.3,5.05,59,69,0.461,4.79,5.11,133,8,5,32,1184.2,1254,672,631,146,392,953,102,5198,1.389,9.5,1.1,3.0,7.2,2.43,28.2,4.53,133,5060,4491,603,1148,206,10,170,570,446,1064,0.256,0.328,0.42,0.748,1884,106,49,52,22
175,176,2002,Lotte Giants,26.4,5.34,35,97,0.265,4.72,5.47,133,5,7,13,1168.0,1269,710,612,130,443,775,83,5156,1.466,9.8,1.0,3.4,6.0,1.75,27.0,3.48,133,4985,4512,463,1105,206,19,85,443,324,978,0.245,0.305,0.356,0.661,1604,75,78,49,22
176,177,2001,Hyundai Unicorns,25.4,4.72,72,57,0.558,4.34,4.78,133,6,3,39,1183.1,1250,628,570,98,531,757,54,5218,1.505,9.5,0.7,4.0,5.8,1.43,28.3,5.35,133,5225,4445,711,1192,166,20,169,667,598,911,0.268,0.363,0.429,0.791,1905,109,76,77,29
177,178,2001,SK Wyverns,27.9,4.81,60,71,0.458,4.38,4.92,133,11,8,33,1171.1,1148,640,570,155,508,908,65,5110,1.414,8.8,1.2,3.9,7.0,1.79,27.2,4.48,133,5076,4400,596,1143,215,11,113,555,457,770,0.26,0.337,0.391,0.728,1719,95,71,122,26
178,179,2001,Samsung Lions,26.0,4.84,81,52,0.609,4.39,4.88,133,7,6,43,1187.1,1195,644,579,132,561,844,61,5243,1.479,9.1,1.0,4.3,6.4,1.5,27.4,5.56,133,5279,4553,739,1262,244,21,162,695,520,814,0.277,0.36,0.447,0.807,2034,111,95,69,42
179,180,2001,Lotte Giants,26.5,5.04,59,70,0.457,4.68,5.15,133,0,3,33,1171.2,1238,670,609,128,523,790,61,5189,1.503,9.5,1.0,4.0,6.1,1.51,28.3,5.4,133,5308,4521,718,1265,247,24,121,671,585,817,0.28,0.366,0.425,0.791,1923,89,60,82,60
180,181,2001,Kia Tigers,27.8,5.47,60,68,0.469,5.01,5.55,133,10,6,28,1178.2,1231,727,656,160,499,743,79,5207,1.468,9.4,1.2,3.8,5.7,1.49,26.5,5.14,133,5189,4542,683,1263,221,17,142,637,497,774,0.278,0.353,0.428,0.781,1944,129,56,51,43
181,182,2001,LG Twins,27.6,5.5,58,67,0.464,5.09,5.56,133,0,3,26,1184.2,1253,732,670,127,647,765,69,5380,1.604,9.5,1.0,4.9,5.8,1.18,27.9,5.03,133,5318,4521,669,1247,219,24,85,630,590,759,0.276,0.363,0.391,0.754,1769,100,52,114,41
182,183,2001,Hanwha Eagles,28.7,5.51,61,68,0.473,4.82,5.57,133,7,5,25,1185.0,1288,733,634,142,541,813,66,5331,1.543,9.8,1.1,4.1,6.2,1.5,28.1,4.95,133,5259,4556,659,1255,211,15,148,628,549,877,0.276,0.357,0.426,0.783,1940,106,45,75,34
183,184,2001,Doosan Bears,27.5,5.51,65,63,0.508,4.96,5.59,133,1,3,35,1180.1,1290,733,650,128,546,799,60,5282,1.555,9.8,1.0,4.2,6.1,1.46,28.2,5.5,133,5303,4583,732,1266,221,26,130,688,560,697,0.276,0.359,0.421,0.78,1929,116,60,54,46
184,185,2000,Hyundai Unicorns,26.2,3.97,91,40,0.695,3.64,4.0,133,5,2,51,1189.1,1111,528,481,95,451,997,34,5014,1.313,8.4,0.7,3.4,7.5,2.21,28.1,5.84,133,5243,4481,777,1245,246,25,208,736,548,905,0.278,0.365,0.483,0.848,2165,89,94,74,46
185,186,2000,Lotte Giants,25.8,3.98,59,58,0.504,4.03,4.39,133,6,1,33,1085.1,1029,529,486,116,397,839,53,4612,1.314,8.5,1.0,3.3,7.0,2.11,28.1,4.53,133,5178,4557,603,1186,206,26,104,553,449,831,0.26,0.334,0.385,0.719,1756,93,66,82,24
186,187,2000,Doosan Bears,26.1,4.29,72,51,0.585,4.1,4.61,133,3,1,52,1111.2,1116,570,507,98,487,808,56,4866,1.442,9.0,0.8,3.9,6.5,1.66,26.9,5.22,133,5213,4590,694,1325,205,21,150,661,475,684,0.289,0.359,0.441,0.8,2022,120,58,43,47
187,188,2000,LG Twins,26.8,4.74,67,63,0.515,4.45,4.79,133,7,1,33,1185.2,1197,631,586,113,449,886,61,5127,1.388,9.1,0.9,3.4,6.7,1.97,27.3,5.01,133,5094,4379,666,1191,219,22,107,604,533,764,0.272,0.355,0.405,0.76,1775,89,55,84,43
188,189,2000,Samsung Lions,25.6,5.04,69,59,0.539,4.64,5.09,133,6,2,34,1184.1,1233,670,610,130,524,880,77,5229,1.484,9.4,1.0,4.0,6.7,1.68,27.9,5.22,133,4904,4276,694,1149,227,14,157,651,463,888,0.269,0.348,0.439,0.787,1875,84,78,47,40
189,190,2000,Haitai Tigers,26.4,5.16,50,68,0.424,5.07,5.61,133,9,1,26,1101.0,1180,686,620,167,458,818,88,4933,1.488,9.6,1.4,3.7,6.7,1.79,25.8,4.09,133,4818,4198,544,1068,199,13,82,512,492,789,0.254,0.336,0.367,0.703,1539,94,40,57,31
190,191,2000,Hanwha Eagles,27.4,5.83,50,78,0.391,5.24,5.91,133,7,2,31,1182.2,1248,776,689,189,527,805,83,5296,1.501,9.5,1.4,4.0,6.1,1.53,28.3,4.93,133,4992,4425,656,1224,257,14,172,628,419,959,0.277,0.345,0.458,0.802,2025,125,62,45,41
191,192,2000,SK Wyverns,28.7,6.17,44,83,0.346,5.87,6.42,133,1,0,21,1149.2,1357,820,750,188,513,707,71,5261,1.627,10.6,1.5,4.0,5.5,1.38,27.7,4.08,133,4586,4042,542,1059,177,22,89,496,378,767,0.262,0.333,0.383,0.715,1547,94,66,67,33
192,193,1999,Lotte Giants,26.5,4.47,75,52,0.591,4.18,4.51,132,15,2,34,1177.9,1125,590,547,146,431,852,54,5002,1.321,8.6,1.1,3.3,6.5,1.98,28.4,5.7,132,5186,4498,753,1309,261,34,145,709,465,815,0.291,0.363,0.461,0.824,2073,93,72,99,52
193,194,1999,Doosan Bears,24.5,4.73,74,48,0.607,4.6,5.0,132,4,1,40,1124.1,1139,625,575,125,478,790,70,4904,1.438,9.1,1.0,3.8,6.3,1.65,27.1,5.23,132,4997,4380,691,1266,209,30,133,668,461,648,0.289,0.36,0.442,0.802,1934,115,47,69,40
194,195,1999,Hyundai Unicorns,26.4,4.89,68,59,0.535,4.47,4.92,132,10,1,25,1181.1,1268,646,587,141,473,910,60,5188,1.474,9.7,1.1,3.6,6.9,1.92,27.3,5.28,132,5249,4445,697,1207,186,18,142,651,537,778,0.272,0.36,0.417,0.777,1855,88,98,127,42
195,196,1999,Hanwha Eagles,28.3,4.96,70,56,0.556,4.82,5.31,132,13,3,42,1109.1,1133,655,594,165,392,841,54,4823,1.375,9.2,1.3,3.2,6.8,2.15,27.9,5.51,132,5050,4446,727,1266,252,29,197,685,429,837,0.285,0.355,0.487,0.842,2167,106,76,58,41
196,197,1999,Haitai Tigers,26.5,5.27,54,61,0.47,5.41,5.93,132,3,1,20,1055.2,1155,695,635,170,404,703,97,4702,1.477,9.8,1.4,3.4,6.0,1.74,26.0,5.45,132,4865,4212,720,1179,192,11,205,680,524,814,0.28,0.365,0.477,0.842,2008,99,51,57,21
197,198,1999,Samsung Lions,24.1,5.27,70,53,0.569,5.03,5.5,132,4,1,40,1136.2,1212,695,635,145,468,904,57,5041,1.478,9.6,1.1,3.7,7.2,1.93,26.8,5.61,132,5148,4456,740,1218,200,14,204,697,479,947,0.273,0.353,0.462,0.815,2058,88,94,79,40
198,199,1999,LG Twins,28.7,5.86,61,70,0.466,5.49,5.99,132,2,1,40,1161.1,1301,773,708,157,511,813,78,5236,1.56,10.1,1.2,4.0,6.3,1.59,27.5,5.64,132,5180,4574,744,1287,218,40,145,700,428,772,0.281,0.35,0.442,0.792,2020,91,78,57,43
199,200,1999,Ssangbangwool Raiders,27.4,6.23,28,96,0.226,5.85,6.39,132,6,1,14,1160.0,1336,823,754,187,481,660,103,5258,1.566,10.4,1.5,3.7,5.1,1.37,28.3,3.49,132,4407,3880,461,979,151,27,81,438,379,805,0.252,0.325,0.368,0.693,1427,56,55,63,30
200,201,1998,Hyundai Unicorns,27.8,3.29,77,43,0.642,2.97,3.53,126,11,6,32,1056.9,910,415,349,91,402,835,30,4412,1.241,7.7,0.8,3.4,7.1,2.08,27.8,4.94,126,4709,4101,622,1107,214,21,141,584,408,810,0.27,0.344,0.436,0.779,1786,69,72,90,38
201,202,1998,OB Bears,25.3,3.86,60,61,0.496,3.58,4.04,126,15,6,28,1083.1,1022,486,431,85,402,747,52,4584,1.314,8.5,0.7,3.3,6.2,1.86,26.3,3.96,126,4503,4033,499,1042,172,27,102,467,319,684,0.258,0.319,0.39,0.709,1574,85,53,65,33
202,203,1998,Haitai Tigers,25.5,4.21,61,64,0.488,3.91,4.31,126,6,3,39,1108.1,1064,531,481,121,351,870,76,4678,1.277,8.6,1.0,2.9,7.1,2.48,26.3,3.88,126,4671,4122,489,1066,188,8,94,466,367,666,0.259,0.325,0.377,0.702,1552,125,57,92,33
203,204,1998,Ssangbangwool Raiders,26.7,4.24,54,60,0.474,4.07,4.66,126,5,1,22,1031.2,1067,534,466,98,334,596,78,4436,1.358,9.3,0.9,2.9,5.2,1.78,28.2,3.58,126,4042,3517,451,918,147,29,86,420,379,630,0.261,0.335,0.393,0.728,1381,79,28,87,31
204,205,1998,Hanwha Eagles,26.9,4.59,55,66,0.455,4.26,4.65,126,8,2,30,1118.8,1105,578,529,114,405,840,40,4783,1.35,8.9,0.9,3.3,6.8,2.07,27.4,3.82,126,4503,4013,481,1012,195,10,120,455,313,762,0.252,0.315,0.396,0.711,1587,92,66,92,19
205,206,1998,LG Twins,28.7,4.62,61,62,0.496,4.22,4.75,126,3,1,31,1102.2,1120,582,517,109,342,677,78,4735,1.326,9.1,0.9,2.8,5.5,1.98,26.0,4.59,126,4564,4021,578,1081,219,19,99,545,377,650,0.269,0.339,0.407,0.745,1635,90,64,70,32
206,207,1998,Samsung Lions,25.9,4.63,66,58,0.532,4.32,4.66,126,10,0,26,1128.1,1120,584,541,133,477,723,69,4894,1.416,8.9,1.1,3.8,5.8,1.52,26.3,4.92,126,4917,4263,620,1143,211,20,143,576,446,822,0.268,0.346,0.428,0.773,1823,103,80,90,38
207,208,1998,Lotte Giants,24.9,5.08,50,72,0.41,4.6,5.22,126,20,4,17,1104.1,1134,640,564,115,375,689,73,4763,1.367,9.2,0.9,3.1,5.6,1.84,26.9,4.19,126,4677,4096,528,1051,196,33,84,493,397,803,0.257,0.33,0.382,0.712,1565,72,67,87,30
208,209,1997,Ssangbangwool Raiders,25.6,3.98,69,52,0.57,3.79,4.19,126,6,1,41,1079.2,1041,502,455,89,362,671,84,4576,1.3,8.7,0.7,3.0,5.6,1.85,28.1,4.52,126,4451,3773,569,1027,190,29,101,522,455,624,0.272,0.355,0.418,0.773,1578,93,50,133,40
209,210,1997,Haitai Tigers,25.6,4.02,75,50,0.6,3.62,4.04,126,11,4,38,1127.1,983,506,454,108,387,793,89,4703,1.215,7.8,0.9,3.1,6.3,2.05,26.2,4.89,126,4824,4183,616,1081,208,9,133,578,466,722,0.258,0.34,0.408,0.748,1706,102,67,78,30
210,211,1997,LG Twins,27.7,4.06,73,51,0.589,3.78,4.11,126,4,1,45,1121.1,1045,512,471,101,369,708,74,4713,1.261,8.4,0.8,3.0,5.7,1.92,25.9,4.68,126,4819,4153,590,1109,220,29,83,549,422,601,0.267,0.343,0.394,0.737,1636,82,90,97,57
211,212,1997,Hanwha Eagles,25.2,4.35,51,73,0.411,4.02,4.44,126,20,7,29,1112.1,1016,548,497,128,410,789,50,4663,1.282,8.2,1.0,3.3,6.4,1.92,25.8,3.75,126,4537,3932,472,998,172,18,101,434,379,748,0.254,0.328,0.384,0.712,1509,84,70,123,33
212,213,1997,OB Bears,24.9,4.37,57,64,0.471,3.84,4.42,126,8,2,36,1123.0,1090,551,479,67,453,784,67,4835,1.374,8.7,0.5,3.6,6.3,1.73,26.5,3.98,126,4679,4136,502,1052,157,19,84,473,379,696,0.254,0.325,0.362,0.687,1499,95,66,68,30
213,214,1997,Hyundai Unicorns,26.9,4.62,51,71,0.418,4.21,4.73,126,9,1,37,1108.1,1050,582,519,123,423,755,57,4734,1.329,8.5,1.0,3.4,6.1,1.78,27.1,4.0,126,4751,4096,504,1012,182,20,82,462,430,724,0.247,0.327,0.361,0.688,1480,93,71,124,30
214,215,1997,Samsung Lions,25.5,4.75,66,53,0.555,4.19,4.77,126,9,2,38,1127.8,1098,598,525,97,490,677,94,4891,1.408,8.8,0.8,3.9,5.4,1.38,25.2,5.58,126,4761,4126,703,1158,249,21,163,653,442,760,0.281,0.36,0.47,0.83,1938,59,85,78,30
215,216,1997,Lotte Giants,24.5,4.95,48,77,0.384,4.61,5.05,126,9,0,25,1111.9,1159,624,569,116,463,638,47,4842,1.459,9.4,0.9,3.7,5.2,1.38,26.4,3.37,126,4457,3940,424,938,173,19,75,405,353,763,0.238,0.307,0.349,0.655,1374,88,49,86,29
216,217,1996,Haitai Tigers,25.9,3.5,73,51,0.589,3.14,3.5,126,22,8,25,1133.8,945,441,396,98,373,805,66,4618,1.163,7.5,0.8,3.0,6.4,2.16,26.1,4.09,126,4484,3897,515,970,180,15,89,490,435,701,0.249,0.332,0.371,0.703,1447,82,63,61,28
217,218,1996,Hyundai Unicorns,25.8,3.6,67,54,0.554,3.04,3.58,126,7,3,36,1140.2,974,454,385,76,378,749,54,4707,1.185,7.7,0.6,3.0,5.9,1.98,26.3,3.91,126,4729,4127,493,1001,171,21,106,462,396,747,0.243,0.318,0.371,0.689,1532,66,72,104,30
218,219,1996,Ssangbangwool Raiders,25.5,3.65,70,54,0.565,3.33,3.68,126,15,9,36,1125.5,1030,460,416,64,420,744,93,4761,1.288,8.2,0.5,3.4,5.9,1.77,27.1,4.33,126,4799,4112,545,1085,192,33,58,489,427,691,0.264,0.34,0.369,0.709,1517,89,70,143,47
219,220,1996,OB Bears,24.9,4.13,47,73,0.392,3.69,4.18,126,15,6,23,1119.2,1044,520,459,81,441,666,58,4759,1.326,8.4,0.7,3.5,5.4,1.51,25.9,3.54,126,4653,4163,446,1008,179,23,82,410,327,721,0.242,0.305,0.355,0.66,1479,98,59,75,29
220,221,1996,Hanwha Eagles,25.9,4.25,70,55,0.56,3.8,4.23,126,21,7,31,1137.1,1030,535,480,100,352,951,56,4759,1.215,8.2,0.8,2.8,7.5,2.7,25.2,4.14,126,4736,4072,522,999,203,23,90,498,432,832,0.245,0.327,0.373,0.7,1518,93,80,118,34
221,222,1996,Lotte Giants,24.7,4.6,57,63,0.475,4.16,4.66,126,22,2,17,1120.8,1127,580,518,93,397,684,55,4786,1.36,9.1,0.7,3.2,5.5,1.72,26.2,4.49,126,4812,4244,566,1161,214,38,72,543,398,692,0.274,0.34,0.393,0.733,1667,94,50,82,38
222,223,1996,Samsung Lions,24.7,4.61,54,67,0.446,4.23,4.68,126,11,2,29,1117.1,1085,581,525,88,527,654,102,4901,1.443,8.7,0.7,4.2,5.3,1.24,26.2,3.83,126,4444,3879,482,974,184,21,84,461,404,752,0.251,0.33,0.374,0.705,1452,73,73,51,37
223,224,1996,LG Twins,29.0,4.68,50,71,0.413,4.11,4.72,126,7,1,29,1124.1,1107,590,514,86,419,651,89,4847,1.357,8.9,0.7,3.4,5.2,1.55,25.9,4.0,126,4609,3981,504,992,158,18,93,473,422,610,0.249,0.333,0.368,0.701,1465,84,89,91,26
224,225,1995,Haitai Tigers,27.1,3.44,64,58,0.525,3.06,3.46,126,15,4,40,1127.2,953,434,383,79,354,872,75,4620,1.159,7.6,0.6,2.8,7.0,2.46,26.9,3.42,126,4634,4095,431,989,154,22,75,397,341,675,0.242,0.309,0.345,0.654,1412,94,77,86,35
225,226,1995,LG Twins,28.9,3.62,74,48,0.607,3.21,3.66,126,22,5,40,1122.1,996,456,400,62,322,607,58,4637,1.174,8.0,0.5,2.6,4.9,1.89,25.1,4.18,126,4752,4137,527,1064,170,34,79,472,421,621,0.257,0.334,0.372,0.706,1539,90,76,73,45
226,227,1995,Lotte Giants,24.5,3.91,68,53,0.562,3.47,3.9,126,19,5,28,1137.1,1049,493,439,83,328,642,53,4658,1.211,8.3,0.7,2.6,5.1,1.96,26.3,4.68,126,4830,4197,590,1071,158,51,65,553,447,726,0.255,0.333,0.364,0.696,1526,75,71,56,59
227,228,1995,OB Bears,25.4,3.97,74,47,0.612,3.42,3.92,126,22,8,35,1148.1,1031,500,437,68,399,701,56,4800,1.245,8.1,0.5,3.1,5.5,1.76,25.5,4.98,126,4850,4340,628,1154,203,28,106,585,357,741,0.266,0.326,0.399,0.725,1731,99,52,61,40
228,229,1995,Samsung Lions,23.9,4.23,59,59,0.5,3.89,4.47,126,18,5,28,1074.1,973,533,464,76,432,659,89,4619,1.308,8.2,0.6,3.6,5.5,1.53,25.8,4.43,126,4739,4177,558,1046,199,20,94,516,383,722,0.25,0.325,0.375,0.7,1567,77,92,55,32
229,230,1995,Pacific Dolphins,24.3,4.35,48,73,0.397,3.92,4.44,126,21,5,24,1112.0,1109,548,484,84,383,690,47,4754,1.342,9.0,0.7,3.1,5.6,1.8,27.1,3.51,126,4412,3901,442,915,157,18,82,419,372,717,0.235,0.306,0.347,0.653,1354,89,44,64,31
230,231,1995,Hanwha Eagles,25.7,4.49,55,71,0.437,4.04,4.55,126,36,8,24,1119.0,1091,566,502,102,411,793,55,4812,1.342,8.8,0.8,3.3,6.4,1.93,25.5,4.03,126,4709,4124,508,1028,204,25,96,475,400,740,0.249,0.323,0.381,0.703,1570,80,59,99,27
231,232,1995,Ssangbangwool Raiders,25.2,5.02,45,77,0.369,4.68,5.17,126,21,5,21,1102.5,1128,633,573,124,473,621,79,4833,1.452,9.2,1.0,3.9,5.1,1.31,27.4,3.78,126,4708,4154,476,1054,165,21,83,438,381,600,0.254,0.32,0.364,0.683,1510,74,37,103,33
232,233,1994,LG Twins,27.4,3.59,81,45,0.643,3.14,3.63,126,24,9,46,1120.1,1007,452,391,68,332,581,60,4605,1.196,8.1,0.5,2.7,4.7,1.75,24.8,5.2,126,4885,4265,655,1204,205,36,88,612,455,573,0.282,0.358,0.409,0.767,1745,83,70,54,41
233,234,1994,Pacific Dolphins,24.4,3.74,68,55,0.553,3.5,3.78,126,17,3,47,1121.1,1110,471,436,59,359,645,44,4746,1.31,8.9,0.5,2.9,5.2,1.8,27.0,3.85,126,4637,4048,485,988,179,18,91,453,385,751,0.244,0.316,0.365,0.681,1476,86,53,126,25
234,235,1994,Samsung Lions,23.4,3.81,58,59,0.496,3.45,4.0,126,26,6,20,1079.0,979,480,414,81,401,638,52,4540,1.279,8.2,0.7,3.3,5.3,1.59,27.0,4.29,126,4801,4161,541,1081,165,22,106,510,458,650,0.26,0.34,0.386,0.726,1608,96,64,79,39
235,236,1994,OB Bears,25.2,4.02,53,72,0.424,3.46,4.12,126,28,9,18,1107.2,1042,507,426,56,404,670,58,4676,1.305,8.5,0.5,3.3,5.4,1.66,25.0,3.79,126,4656,4113,477,1013,159,18,75,459,364,712,0.246,0.313,0.348,0.662,1433,76,53,93,33
236,237,1994,Haitai Tigers,26.3,4.04,65,59,0.524,3.6,4.09,126,28,6,24,1119.2,999,509,448,92,406,737,73,4702,1.255,8.0,0.7,3.3,5.9,1.82,26.3,4.44,126,4706,4207,560,1144,183,17,92,527,331,573,0.272,0.329,0.389,0.718,1637,75,44,87,37
237,238,1994,Hanwha Eagles,25.7,4.05,65,59,0.524,3.52,4.08,126,22,5,29,1123.2,1036,510,440,95,361,745,40,4716,1.243,8.3,0.8,2.9,6.0,2.06,26.8,3.83,126,4691,4063,482,1002,166,15,68,444,416,696,0.247,0.324,0.345,0.669,1402,97,63,113,36
238,239,1994,Lotte Giants,24.0,4.79,56,67,0.455,4.44,4.89,126,14,3,35,1112.1,1156,604,549,101,419,590,44,4791,1.416,9.4,0.8,3.4,4.8,1.41,26.6,3.88,126,4710,4175,489,1072,180,33,58,457,378,672,0.257,0.323,0.357,0.68,1492,81,52,57,48
239,240,1994,Ssangbangwool Raiders,24.3,5.03,47,74,0.388,4.74,5.11,126,13,3,30,1115.8,1169,634,587,110,473,634,74,4890,1.472,9.4,0.9,3.8,5.1,1.34,26.7,3.92,126,4664,4119,494,1025,160,20,87,455,377,617,0.249,0.317,0.361,0.678,1486,85,45,100,23
240,241,1993,OB Bears,25.2,3.21,66,55,0.545,2.89,3.23,126,27,9,27,1128.2,949,405,362,39,386,684,49,4618,1.183,7.6,0.3,3.1,5.5,1.77,26.3,3.75,126,4739,4131,473,1066,176,34,59,441,403,611,0.258,0.328,0.36,0.688,1487,104,48,118,39
241,242,1993,Haitai Tigers,25.8,3.33,81,42,0.659,2.92,3.35,126,16,6,43,1129.2,935,420,367,76,372,802,75,4630,1.157,7.5,0.6,3.0,6.4,2.16,26.7,4.07,126,4704,4102,513,1030,169,12,95,465,452,606,0.251,0.33,0.368,0.698,1508,107,48,71,31
242,243,1993,Samsung Lions,24.1,3.37,73,47,0.608,2.91,3.39,126,28,11,30,1129.1,979,425,365,70,456,677,49,4691,1.271,7.8,0.6,3.6,5.4,1.48,27.1,4.81,126,4772,4162,606,1130,163,21,133,575,455,609,0.272,0.35,0.417,0.766,1734,106,65,53,37
243,244,1993,LG Twins,27.0,3.49,66,57,0.537,3.07,3.51,126,19,6,36,1126.2,1020,440,384,71,385,655,64,4696,1.247,8.1,0.6,3.1,5.2,1.7,25.9,3.94,126,4730,4182,496,1069,176,32,74,463,376,594,0.256,0.323,0.366,0.689,1531,95,55,91,26
244,245,1993,Lotte Giants,24.3,3.67,62,63,0.496,3.33,3.71,126,44,14,17,1120.5,1088,462,415,57,348,512,30,4669,1.281,8.7,0.5,2.8,4.1,1.47,25.6,3.59,126,4674,4077,452,1013,160,38,29,422,389,563,0.249,0.319,0.328,0.647,1336,75,53,114,41
245,246,1993,Binggre Eagles,25.5,3.96,61,62,0.496,3.5,3.96,126,33,5,26,1135.1,1047,499,441,86,371,675,50,4757,1.249,8.3,0.7,2.9,5.4,1.82,26.0,3.6,126,4707,4112,454,979,179,13,81,426,433,743,0.238,0.316,0.347,0.663,1427,94,54,73,35
246,247,1993,Pacific Dolphins,24.2,4.1,34,82,0.293,3.58,4.09,126,36,2,15,1134.2,1095,516,451,65,412,635,39,4801,1.328,8.7,0.5,3.3,5.0,1.54,25.4,2.71,126,4532,4025,342,913,169,15,35,314,343,776,0.227,0.293,0.302,0.595,1217,100,39,104,21
247,248,1993,Ssangbangwool Raiders,25.3,4.37,43,78,0.355,4.0,4.48,126,24,4,30,1106.0,1032,551,491,88,528,654,62,4787,1.41,8.4,0.7,4.3,5.3,1.24,26.6,2.9,126,4545,4005,366,903,138,14,46,342,392,733,0.226,0.302,0.301,0.603,1207,88,53,74,21
248,249,1992,Binggre Eagles,25.8,4.13,81,43,0.653,3.68,4.18,126,27,7,35,1120.0,1024,520,458,108,415,653,52,4747,1.285,8.2,0.9,3.3,5.2,1.57,26.4,5.22,126,4866,4198,658,1120,192,29,146,620,511,660,0.267,0.351,0.431,0.782,1808,97,58,54,45
249,250,1992,Haitai Tigers,25.2,4.53,71,54,0.568,4.21,4.65,126,25,7,28,1105.1,1101,571,517,118,405,679,69,4767,1.362,9.0,1.0,3.3,5.5,1.68,26.8,5.56,126,4903,4183,701,1139,191,16,138,659,559,656,0.272,0.365,0.425,0.789,1776,114,70,54,37
250,251,1992,Lotte Giants,23.9,4.61,71,55,0.563,4.28,4.7,126,39,6,17,1113.2,1152,581,529,99,410,581,37,4778,1.403,9.3,0.8,3.3,4.7,1.42,26.0,5.26,126,4903,4205,663,1213,211,62,68,619,483,542,0.289,0.366,0.417,0.782,1752,88,59,103,53
251,252,1992,OB Bears,26.7,4.62,56,66,0.459,4.21,4.65,126,30,4,21,1127.2,1105,582,527,96,493,595,61,4878,1.418,8.8,0.8,3.9,4.8,1.21,26.4,4.34,126,4830,4225,547,1096,173,31,110,512,439,607,0.259,0.332,0.393,0.725,1661,92,38,96,32
252,253,1992,Pacific Dolphins,24.2,4.83,56,67,0.455,4.48,4.93,126,26,2,25,1111.1,1128,609,553,125,509,653,45,4848,1.473,9.1,1.0,4.1,5.3,1.28,27.1,3.72,126,4306,3743,469,950,178,20,75,405,391,575,0.254,0.33,0.372,0.702,1393,88,43,111,18
253,254,1992,LG Twins,25.7,4.89,53,70,0.431,4.29,4.9,126,22,5,20,1130.2,1171,616,539,83,487,648,65,4967,1.466,9.3,0.7,3.9,5.2,1.33,26.4,4.11,126,4435,3923,518,1008,156,24,105,508,385,512,0.257,0.328,0.389,0.717,1527,104,43,57,27
254,255,1992,Samsung Lions,23.7,5.05,67,57,0.54,4.55,5.08,126,23,6,25,1125.2,1085,636,569,102,636,640,52,4984,1.529,8.7,0.8,5.1,5.1,1.01,28.4,4.94,126,4841,4184,623,1110,165,23,123,578,489,607,0.265,0.348,0.404,0.752,1690,90,66,58,44
255,256,1992,Ssangbangwool Raiders,24.3,5.44,41,84,0.328,4.85,5.66,126,14,4,17,1091.1,1106,686,588,140,516,600,65,4828,1.486,9.1,1.2,4.3,4.9,1.16,26.2,3.93,126,4578,3928,495,981,159,28,90,447,503,727,0.25,0.341,0.373,0.714,1466,127,52,75,20
256,257,1991,Haitai Tigers,25.0,3.25,79,42,0.653,2.89,3.26,126,34,10,28,1130.2,925,409,363,73,325,777,53,4546,1.106,7.4,0.6,2.6,6.2,2.39,26.5,4.9,126,4843,4135,618,1069,171,29,144,594,516,589,0.259,0.35,0.418,0.768,1730,102,83,74,35
257,258,1991,Binggre Eagles,25.8,3.91,72,49,0.595,3.28,3.93,126,30,5,28,1128.0,1014,493,411,75,420,602,73,4754,1.271,8.1,0.6,3.4,4.8,1.43,25.9,5.11,126,4870,4222,644,1155,181,43,136,608,484,705,0.274,0.353,0.433,0.787,1830,92,51,84,29
258,259,1991,Lotte Giants,25.2,4.18,61,59,0.508,3.91,4.37,126,37,5,13,1085.1,1019,527,472,67,431,612,51,4589,1.336,8.4,0.6,3.6,5.1,1.42,26.7,4.63,126,4812,4125,583,1072,177,47,73,533,457,515,0.26,0.339,0.379,0.718,1562,78,61,122,47
259,260,1991,Samsung Lions,26.3,4.6,70,55,0.56,4.23,4.62,126,14,4,38,1128.2,1131,579,531,108,484,527,40,4860,1.431,9.0,0.9,3.9,4.2,1.09,28.8,5.07,126,4873,4182,639,1138,180,25,108,592,510,546,0.272,0.357,0.405,0.761,1692,106,59,85,37
260,261,1991,Pacific Dolphins,24.7,4.62,55,72,0.433,4.09,4.53,126,33,6,20,1156.2,1099,582,525,100,516,627,43,4955,1.396,8.6,0.8,4.0,4.9,1.22,25.9,3.38,126,4672,4096,426,974,208,24,51,395,423,600,0.238,0.314,0.338,0.651,1383,80,41,85,27
261,262,1991,OB Bears,25.4,4.71,51,73,0.411,4.21,4.75,126,28,6,11,1123.8,1093,593,526,82,506,479,55,4850,1.423,8.8,0.7,4.1,3.8,0.95,26.3,3.98,126,4787,4220,501,1054,169,39,59,460,419,639,0.25,0.321,0.35,0.671,1478,71,35,91,22
262,263,1991,LG Twins,25.8,4.83,53,72,0.424,4.35,4.86,126,27,3,24,1124.9,1125,608,544,90,446,622,70,4889,1.396,9.0,0.7,3.6,5.0,1.39,27.3,3.75,126,4680,4131,472,1009,158,41,53,430,400,476,0.244,0.317,0.341,0.658,1408,99,53,67,29
263,264,1991,Ssangbangwool Raiders,23.3,5.06,52,71,0.423,4.69,5.22,126,13,3,31,1099.2,1101,638,573,116,555,551,64,4838,1.506,9.0,0.9,4.5,4.5,0.99,25.9,4.19,126,4469,3867,528,978,191,25,85,487,464,685,0.253,0.34,0.381,0.722,1474,90,64,43,31
264,265,1990,LG Twins,26.9,3.81,71,49,0.592,3.38,3.8,120,19,5,33,1083.0,981,457,407,49,410,549,61,4550,1.284,8.2,0.4,3.4,4.6,1.34,27.9,4.82,120,4660,4024,578,1089,156,40,61,528,465,450,0.271,0.352,0.375,0.727,1508,82,65,56,50
265,266,1990,Haitai Tigers,24.1,3.82,68,49,0.581,3.36,3.86,120,34,14,14,1067.2,903,458,399,75,412,701,50,4435,1.232,7.6,0.6,3.5,5.9,1.7,26.3,4.48,120,4595,3952,538,1066,177,23,87,500,466,544,0.27,0.352,0.392,0.744,1550,100,53,95,29
266,267,1990,Binggre Eagles,25.4,4.01,68,50,0.576,3.4,4.07,120,6,1,40,1063.1,971,481,402,96,419,557,37,4476,1.307,8.2,0.8,3.5,4.7,1.33,26.5,5.08,120,4627,3973,610,1074,175,24,112,560,495,619,0.27,0.355,0.411,0.766,1633,83,47,70,42
267,268,1990,Pacific Dolphins,25.4,4.37,58,60,0.492,3.71,4.29,120,25,7,27,1100.2,1066,524,453,59,473,533,32,4714,1.399,8.7,0.5,3.9,4.4,1.13,28.0,4.05,120,4535,3937,486,968,177,25,47,447,447,551,0.246,0.328,0.339,0.667,1336,93,43,84,24
268,269,1990,Samsung Lions,25.2,4.65,66,52,0.559,4.13,4.7,120,21,3,36,1069.1,1053,558,491,102,512,475,53,4630,1.464,8.9,0.9,4.3,4.0,0.93,28.2,4.98,120,4546,3961,597,1040,169,14,131,555,434,534,0.263,0.341,0.412,0.752,1630,91,52,68,31
269,270,1990,Lotte Giants,25.4,4.77,44,70,0.386,4.42,4.93,120,19,6,20,1045.1,1035,572,513,82,435,481,54,4505,1.407,8.9,0.7,3.7,4.1,1.11,27.5,3.78,120,4520,3858,453,946,163,30,41,417,464,503,0.245,0.331,0.335,0.666,1292,91,48,119,31
270,271,1990,OB Bears,25.6,5.13,35,80,0.304,4.72,5.25,120,20,6,10,1055.5,1075,616,554,78,535,467,58,4651,1.525,9.2,0.7,4.6,4.0,0.87,26.1,3.37,120,4470,3902,404,901,153,22,62,380,425,562,0.231,0.31,0.329,0.639,1284,79,37,66,40
271,272,1989,Pacific Dolphins,24.7,3.67,62,54,0.534,3.03,3.63,120,35,6,19,1091.2,952,440,368,49,440,589,40,4511,1.275,7.8,0.4,3.6,4.9,1.34,28.4,4.16,120,4621,3943,499,981,187,25,55,453,504,554,0.249,0.337,0.351,0.688,1383,81,40,99,35
272,273,1989,Haitai Tigers,24.3,3.68,65,51,0.56,3.34,3.69,120,30,12,20,1078.2,928,442,400,63,400,695,37,4479,1.231,7.7,0.5,3.3,5.8,1.74,27.3,4.17,120,4564,3963,500,1011,142,10,90,472,470,508,0.255,0.339,0.364,0.703,1443,112,48,57,26
273,274,1989,Binggre Eagles,24.5,3.97,71,46,0.607,3.47,3.98,120,26,6,26,1076.2,982,476,415,75,433,537,43,4539,1.314,8.2,0.6,3.6,4.5,1.24,26.0,4.96,120,4633,4064,595,1121,208,26,97,549,412,544,0.276,0.346,0.411,0.757,1672,75,48,64,45
274,275,1989,OB Bears,25.8,4.01,54,63,0.462,3.69,4.04,120,17,7,20,1072.1,969,481,440,60,527,543,32,4551,1.395,8.1,0.5,4.4,4.6,1.03,27.2,3.73,120,4480,3935,447,970,165,28,42,416,389,560,0.247,0.319,0.335,0.653,1317,65,42,82,32
275,276,1989,Lotte Giants,24.6,4.35,48,67,0.417,3.91,4.37,120,37,5,11,1076.1,1072,522,467,68,390,508,50,4569,1.359,9.0,0.6,3.3,4.2,1.3,28.0,3.49,120,4612,3940,419,974,155,23,38,382,519,520,0.247,0.337,0.327,0.664,1289,89,29,97,27
276,277,1989,MBC Blue Dragons,26.2,4.84,49,67,0.422,4.28,4.89,120,8,0,30,1069.8,1139,581,509,61,455,451,46,4693,1.49,9.6,0.5,3.8,3.8,0.99,27.8,4.08,120,4549,3912,490,985,139,36,42,458,470,490,0.252,0.335,0.338,0.673,1322,90,40,85,42
277,278,1989,Samsung Lions,27.6,4.9,57,58,0.496,4.42,4.96,120,26,6,27,1067.2,1094,588,524,84,516,470,44,4688,1.508,9.2,0.7,4.3,4.0,0.91,27.2,4.83,120,4569,4024,580,1094,173,20,96,540,397,617,0.272,0.34,0.396,0.737,1595,78,45,56,47
278,279,1988,Haitai Tigers,25.2,3.37,68,38,0.642,2.86,3.38,108,26,7,23,968.2,849,364,308,58,297,501,37,3981,1.183,7.9,0.5,2.8,4.7,1.69,27.9,4.66,108,4057,3560,503,1009,134,14,112,466,343,374,0.283,0.351,0.423,0.774,1507,95,44,77,33
279,280,1988,Binggre Eagles,26.0,4.08,62,45,0.579,3.73,4.1,108,27,8,28,969.1,1015,441,402,72,298,394,39,4091,1.355,9.4,0.7,2.8,3.7,1.32,25.9,4.57,108,3964,3504,494,939,176,20,71,451,316,448,0.268,0.333,0.39,0.724,1368,76,43,69,32
280,281,1988,Lotte Giants,26.7,4.1,57,49,0.538,3.59,4.13,108,30,7,18,966.1,961,443,385,55,329,476,31,4086,1.335,9.0,0.5,3.1,4.4,1.45,28.7,4.46,108,4093,3578,482,967,142,18,68,446,347,333,0.27,0.339,0.377,0.716,1349,81,40,104,24
281,282,1988,OB Bears,28.3,4.14,54,52,0.509,3.73,4.15,108,17,5,19,969.1,933,447,402,69,381,388,35,4105,1.356,8.7,0.6,3.5,3.6,1.02,28.2,3.87,108,4042,3584,418,923,145,25,44,387,321,375,0.258,0.321,0.349,0.67,1250,91,28,78,31
282,283,1988,MBC Blue Dragons,26.2,4.55,40,64,0.385,3.96,4.6,108,36,4,14,961.1,1038,491,423,69,373,347,46,4188,1.468,9.7,0.6,3.5,3.2,0.93,28.4,3.78,108,4100,3652,408,951,132,27,42,373,321,384,0.26,0.324,0.346,0.67,1263,72,34,70,23
283,284,1988,Samsung Lions,27.6,4.56,56,50,0.528,4.18,4.58,108,22,9,21,967.0,953,492,449,80,403,341,40,4151,1.402,8.9,0.7,3.8,3.2,0.85,27.6,4.78,108,4192,3692,516,1028,150,20,85,486,381,493,0.278,0.351,0.399,0.75,1473,74,42,53,24
284,285,1988,Pacific Dolphins,25.4,5.04,34,73,0.318,4.61,5.18,108,20,3,11,945.0,1020,544,484,79,305,387,38,4053,1.402,9.7,0.8,2.9,3.7,1.27,27.7,3.56,108,3947,3472,384,910,162,23,58,365,330,396,0.262,0.329,0.372,0.701,1292,84,26,95,24
285,286,1987,Haitai Tigers,23.9,3.71,55,48,0.534,3.15,3.68,108,26,8,14,982.0,864,401,344,52,372,494,32,4050,1.259,7.9,0.5,3.4,4.5,1.33,28.1,3.64,108,4082,3609,393,910,151,12,71,368,335,379,0.252,0.321,0.36,0.681,1298,96,44,68,26
286,287,1987,Lotte Giants,27.0,3.74,54,49,0.524,3.36,3.73,108,51,12,9,975.2,971,404,364,40,331,504,34,4097,1.334,9.0,0.4,3.1,4.6,1.52,28.2,4.0,108,4155,3625,432,970,161,27,40,400,390,330,0.268,0.343,0.36,0.703,1305,103,34,86,20
287,288,1987,OB Bears,28.2,3.75,55,52,0.514,3.26,3.79,108,38,8,21,960.2,906,405,348,38,407,383,32,4064,1.367,8.5,0.4,3.8,3.6,0.94,27.9,3.84,108,4009,3548,415,927,123,34,30,391,342,369,0.261,0.328,0.341,0.669,1208,88,24,70,25
288,289,1987,MBC Blue Dragons,26.8,3.77,50,51,0.495,3.36,3.77,108,20,4,26,971.5,966,407,363,48,335,372,50,4118,1.339,8.9,0.4,3.1,3.4,1.11,28.7,3.59,108,4018,3566,388,919,117,38,36,359,296,354,0.258,0.32,0.342,0.662,1220,80,43,85,28
289,290,1987,Samsung Lions,27.7,3.95,64,44,0.593,3.58,4.01,108,26,8,30,959.1,926,427,381,62,416,360,45,4078,1.399,8.7,0.6,3.9,3.4,0.87,27.2,5.4,108,4217,3731,583,1120,165,29,105,548,380,448,0.3,0.368,0.444,0.812,1658,88,40,26,40
290,291,1987,Binggre Eagles,26.3,4.2,47,57,0.452,3.78,4.28,108,51,6,7,955.1,970,454,401,75,281,364,37,4020,1.309,9.1,0.7,2.6,3.4,1.3,25.0,3.8,108,4054,3547,410,972,145,22,48,370,326,423,0.274,0.342,0.368,0.71,1305,84,54,104,23
291,292,1987,Chungbo Pintos,26.6,4.85,41,65,0.387,4.36,4.93,108,42,5,9,956.1,1063,524,463,69,327,328,36,4140,1.454,10.0,0.6,3.1,3.1,1.0,28.8,3.71,108,4025,3499,401,848,151,14,54,372,400,502,0.242,0.323,0.34,0.663,1189,79,27,82,17
292,293,1986,OB Bears,27.0,3.16,56,48,0.538,2.61,3.15,108,30,12,19,975.2,820,341,283,43,390,394,29,4003,1.24,7.6,0.4,3.6,3.6,1.01,27.2,3.42,108,4039,3531,369,880,113,32,38,350,336,395,0.249,0.319,0.332,0.651,1171,70,39,104,29
293,294,1986,Lotte Giants,27.3,3.33,50,52,0.49,2.74,3.29,108,33,6,11,983.2,896,360,299,48,325,520,49,4097,1.241,8.2,0.4,3.0,4.8,1.6,27.1,3.45,108,4088,3603,373,894,140,28,37,332,342,357,0.248,0.316,0.333,0.649,1201,82,24,100,19
294,295,1986,MBC Blue Dragons,25.9,3.34,59,41,0.59,2.78,3.3,108,11,3,30,984.5,880,361,304,45,341,415,32,4038,1.24,8.0,0.4,3.1,3.8,1.22,27.7,4.02,108,4138,3644,434,964,152,29,37,398,315,429,0.265,0.33,0.353,0.682,1285,63,55,89,35
295,296,1986,Samsung Lions,28.2,3.42,70,37,0.654,2.95,3.44,108,34,7,33,966.2,848,369,317,62,385,388,29,4012,1.276,7.9,0.6,3.6,3.6,1.01,27.4,4.4,108,4118,3617,475,997,177,22,74,442,354,465,0.276,0.345,0.398,0.744,1440,74,48,68,31
296,297,1986,Haitai Tigers,24.2,3.44,67,37,0.644,2.86,3.41,108,28,11,23,982.8,857,372,312,41,334,533,34,4058,1.212,7.8,0.4,3.1,4.9,1.6,28.0,4.39,108,4041,3582,474,929,136,18,99,443,321,406,0.259,0.325,0.39,0.715,1398,82,39,76,23
297,298,1986,Binggre Eagles,26.3,4.32,31,76,0.29,3.65,4.4,108,42,8,3,955.9,932,467,388,90,284,407,47,3993,1.272,8.8,0.8,2.7,3.8,1.43,26.2,3.08,108,4004,3453,333,815,121,23,46,313,420,494,0.236,0.323,0.324,0.647,1120,81,30,84,17
298,299,1986,Chungbo Pintos,26.7,4.69,32,74,0.302,3.99,4.73,108,24,6,10,962.2,1001,506,427,68,356,408,57,4163,1.41,9.4,0.6,3.3,3.8,1.15,27.9,2.94,108,3926,3449,318,755,138,10,66,292,327,519,0.219,0.293,0.322,0.615,1111,85,42,86,22
299,300,1985,Samsung Lions,29.3,3.45,77,32,0.706,2.97,3.41,110,27,5,41,1001.5,871,379,331,62,368,496,34,4121,1.237,7.8,0.6,3.3,4.5,1.35,27.4,5.02,110,4241,3644,552,1005,181,22,97,514,402,456,0.276,0.354,0.417,0.771,1521,73,60,92,43
300,301,1985,MBC Blue Dragons,26.3,3.71,44,65,0.404,3.24,3.74,110,28,4,13,981.9,902,408,354,63,385,353,44,4124,1.311,8.3,0.6,3.5,3.2,0.92,27.7,3.14,110,4072,3624,345,892,127,19,37,317,324,452,0.246,0.313,0.322,0.635,1168,65,39,56,29
301,302,1985,OB Bears,26.7,3.78,51,57,0.472,3.14,3.77,110,25,3,13,993.0,882,416,346,64,386,433,40,4112,1.277,8.0,0.6,3.5,3.9,1.12,26.8,4.3,110,4189,3667,473,954,147,27,67,432,354,442,0.26,0.331,0.37,0.701,1356,55,50,87,31
302,303,1985,Lotte Giants,27.1,3.82,59,51,0.536,3.05,3.81,110,32,11,15,992.1,936,420,336,60,324,513,44,4131,1.27,8.5,0.5,2.9,4.7,1.58,26.3,3.87,110,4137,3598,426,920,168,19,77,399,352,446,0.256,0.327,0.377,0.704,1357,79,47,106,34
303,304,1985,Haitai Tigers,24.4,4.23,57,52,0.523,3.64,4.23,110,11,2,20,988.8,979,465,400,83,296,450,51,4146,1.29,8.9,0.8,2.7,4.1,1.52,27.7,4.39,110,4183,3710,483,1009,161,13,99,437,348,386,0.272,0.337,0.402,0.74,1493,85,33,60,32
304,305,1985,Chungbo Pintos,28.7,5.52,39,70,0.358,4.88,5.58,110,38,3,15,978.1,1130,607,530,118,399,394,60,4359,1.563,10.4,1.1,3.7,3.6,0.99,28.3,3.78,110,4163,3648,416,920,159,9,73,376,378,457,0.252,0.328,0.361,0.689,1316,96,44,71,22
305,306,1984,OB Bears,24.7,2.98,58,41,0.586,2.54,3.03,100,13,2,31,885.1,720,298,250,51,331,445,44,3601,1.187,7.3,0.5,3.4,4.5,1.34,26.4,3.82,100,3659,3181,382,816,133,18,53,362,339,367,0.257,0.333,0.36,0.693,1144,66,43,62,34
306,307,1984,MBC Blue Dragons,26.0,3.74,51,48,0.515,3.19,3.75,100,39,6,10,897.1,876,374,318,59,275,356,43,3741,1.283,8.8,0.6,2.8,3.6,1.29,28.2,3.75,100,3753,3317,375,840,128,35,47,341,314,446,0.253,0.322,0.355,0.678,1179,62,40,47,35
307,308,1984,Samsung Lions,28.3,3.79,55,45,0.55,3.35,3.85,100,30,6,13,886.2,806,379,330,48,380,476,44,3740,1.338,8.2,0.5,3.9,4.8,1.25,26.6,4.35,100,3754,3298,435,889,148,18,78,413,313,422,0.27,0.343,0.396,0.739,1307,62,63,62,18
308,309,1984,Lotte Giants,26.1,3.9,50,48,0.51,3.31,3.99,100,26,1,11,880.2,865,390,324,75,300,454,40,3723,1.323,8.8,0.8,3.1,4.6,1.51,25.9,4.05,100,3723,3265,405,840,139,20,71,374,326,446,0.257,0.331,0.377,0.708,1232,63,48,56,28
309,310,1984,Haitai Tigers,25.2,3.98,43,54,0.443,3.17,4.0,100,26,6,12,896.1,833,398,316,67,279,459,40,3749,1.241,8.4,0.7,2.8,4.6,1.65,27.4,3.69,100,3727,3321,369,822,143,10,76,343,313,496,0.248,0.317,0.365,0.682,1213,87,33,39,21
310,311,1984,Sammi Superstars,27.2,4.61,38,59,0.392,4.05,4.61,100,24,2,18,899.1,895,461,405,83,372,461,50,3845,1.409,9.0,0.8,3.7,4.6,1.24,28.1,3.32,100,3689,3249,332,777,133,13,58,298,323,463,0.239,0.313,0.342,0.655,1110,73,33,73,11
311,312,1983,MBC Blue Dragons,26.1,3.35,55,43,0.561,2.72,3.32,100,31,6,17,908.2,787,335,275,45,298,367,44,3725,1.194,7.8,0.4,3.0,3.6,1.23,27.9,3.98,100,3607,3177,398,821,143,21,45,366,274,358,0.258,0.326,0.359,0.685,1141,51,57,68,31
312,313,1983,Sammi Superstars,28.6,3.72,52,47,0.525,3.05,3.68,100,56,7,8,909.0,848,372,308,66,263,392,36,3713,1.222,8.4,0.7,2.6,3.9,1.49,26.3,3.45,100,3737,3317,345,814,113,14,62,315,282,405,0.245,0.312,0.344,0.656,1141,76,47,73,18
313,314,1983,Haitai Tigers,25.3,3.9,55,44,0.556,3.16,3.97,100,27,10,14,883.5,803,390,310,56,286,456,45,3707,1.232,8.2,0.6,2.9,4.6,1.59,26.3,4.2,100,3668,3276,420,880,130,15,78,387,292,372,0.269,0.334,0.389,0.723,1274,75,40,36,24
314,315,1983,Samsung Lions,26.1,4.18,46,50,0.479,3.42,4.18,100,34,7,12,899.2,833,418,342,65,335,399,58,3785,1.299,8.3,0.7,3.4,4.0,1.19,26.0,4.48,100,3845,3383,448,889,143,14,90,421,314,427,0.263,0.333,0.393,0.726,1330,62,55,66,27
315,316,1983,OB Bears,26.9,4.32,44,55,0.444,3.54,4.36,100,27,8,18,892.2,897,432,351,81,315,329,62,3789,1.358,9.0,0.8,3.2,3.3,1.04,25.5,4.18,100,3766,3330,418,863,141,26,50,378,279,352,0.259,0.324,0.362,0.686,1206,63,50,84,23
316,317,1983,Lotte Giants,26.4,4.64,43,56,0.434,3.79,4.65,100,29,4,7,897.8,935,464,378,90,260,415,47,3827,1.331,9.4,0.9,2.6,4.2,1.6,26.0,3.61,100,3615,3192,361,789,127,18,77,335,304,411,0.247,0.318,0.371,0.689,1183,68,40,55,24
317,318,1982,Samsung Lions,27.2,3.21,53,26,0.671,2.7,3.28,80,23,8,17,704.1,618,257,211,57,187,305,30,2830,1.143,7.9,0.7,2.4,3.9,1.63,25.8,5.31,80,3040,2649,425,705,126,18,57,374,307,350,0.266,0.347,0.392,0.739,1038,50,30,36,18
318,319,1982,OB Bears,26.5,3.98,56,24,0.7,3.19,3.95,80,32,4,10,725.1,625,318,257,41,289,318,33,3020,1.26,7.8,0.5,3.6,3.9,1.1,24.6,4.99,80,3097,2745,399,778,137,23,57,362,247,254,0.283,0.349,0.412,0.762,1132,36,41,46,18
319,320,1982,MBC Blue Dragons,25.9,4.38,46,33,0.582,3.51,4.45,80,19,8,15,708.1,660,350,276,52,259,394,47,2994,1.298,8.4,0.7,3.3,5.0,1.52,28.1,5.24,80,3060,2686,419,757,124,12,65,381,268,316,0.282,0.354,0.41,0.764,1100,56,47,32,27
320,321,1982,Lotte Giants,26.3,4.81,31,49,0.388,3.95,4.86,80,26,4,4,713.2,763,385,313,69,261,363,29,3080,1.435,9.6,0.9,3.3,4.6,1.39,26.4,4.41,80,3062,2628,353,674,112,8,59,325,326,316,0.257,0.344,0.373,0.717,979,61,40,41,27
321,322,1982,Haitai Tigers,23.5,4.85,38,42,0.475,3.76,4.93,80,24,2,3,707.9,698,388,296,50,295,348,39,3067,1.403,8.9,0.6,3.8,4.4,1.18,24.8,4.68,80,2990,2665,374,696,110,14,84,332,235,296,0.261,0.328,0.408,0.736,1086,59,41,28,21
322,323,1982,Sammi Superstars,24.3,7.18,15,65,0.188,6.23,7.47,80,7,0,5,692.0,883,574,479,93,313,175,50,3217,1.728,11.5,1.2,4.1,2.3,0.56,24.3,3.78,80,2953,2653,302,637,117,20,40,272,221,371,0.24,0.304,0.345,0.648,914,44,29,31,19
